img_id,width,detections.id,detections.value,detections.geometry
1463097064038568,2560,1463368450678096,nature--terrain,GiZ4AgoGbXB5LW9yKIAgEhcYAwgBIhEJyjTOPyo6BwwADAgLDj0ADw==
1463097064038568,2560,1463368457344762,nature--terrain,GjR4AgoGbXB5LW9yKIAgEiUYAwgBIh8J7Cb+KWIQFQANFgAIJEI6CA4DJg0AFxwjAB0VDxsP
1463097064038568,2560,1463368464011428,nature--terrain,GnN4AgoGbXB5LW9yKIAgEmQYAwgBIl4J5hTWHNoCByMHBwBBCA0IMRAVBB0WI1ojNAYiDQgNahUYABIHDAAIACU6ExAHFgwGLlAgHgh0LggUDyAAQkIANAccGyQVCC8HCwAHDU0FJTMDFRsVCxslFT8AURYP
1463097064038568,2560,1463368470678094,nature--terrain,GiB4AgoGbXB5LW9yKIAgEhEYAwgBIgsJ+hm2GRIcABsIDw==
1463097064038568,2560,1463368487344759,nature--vegetation,Glx4AgoGbXB5LW9yKIAgEk0YAwgBIkcJuBVuggImBywdIgAQECQADA4QAAoyDBYcCBRCEBYPOgdIBxALAA8VAA8ZKwAbCwcADRsICwcTIw0HRwU1BgcNACMIFQwHDw==
1463097064038568,2560,1463368504011424,nature--terrain,Gjl4AgoGbXB5LW9yKIAgEioYAwgBIiQJ+h3uK3IITwwxA4UCCCQMDgdeCCYAQA4QEAAQMgAsByQ1Fg8=
1463097064038568,2560,1463368507344757,nature--terrain,GiJ4AgoGbXB5LW9yKIAgEhMYAwgBIg0J+DLcPxoaBygAAw4P
1463097064038568,2560,1463368510678090,nature--vegetation,GowBeAIKBm1weS1vciiAIBJ9GAMIASJ3CfgO0h26AwQVCgdAFSYbAA0kOwANDA0IHToFMh0gORAHEBsKKxwVBB0YExQrKhUYBkoFFA4iFRQADAc2CBQWEAdKCAwOKgU0BgQIBAASHhgOBw4hDjMFWSQVJAMeDxYHMgcOAEIICAgkHx4TJB0AFxYQJJsEBw8=
1463097064038568,2560,1463368514011423,nature--terrain,Gih4AgoGbXB5LW9yKIAgEhkYAwgBIhMJnC20GCo4BwYAvAEALRarAQAP
1463097064038568,2560,1463368520678089,nature--terrain,GiJ4AgoGbXB5LW9yKIAgEhMYAwgBIg0J3DPcPxoNBx4FAw4P
1463097064038568,2560,1463368544011420,nature--vegetation,GiJ4AgoGbXB5LW9yKIAgEhMYAwgBIg0Jyg/wGxoIIwoAAA4P
1463097064038568,2560,1463368547344753,nature--vegetation,Gl54AgoGbXB5LW9yKIAgEk8YAwgBIkkJiA2yDoICDAAEHjBWA/wCFwAHDxsFERUbDTEHAw0AZRpfHAAYFggbCgAADhgkCAAMFQArDykPAAMcDRYPDQsjADMIKwwVBBsP
1463097064038568,2560,1463368550678086,nature--vegetation,GrYCeAIKBm1weS1vciiAIBKmAhgDCAEinwIJogO+FMoIBPcDA2MTFQAPCA0MABBBBL8CABsExQEAQQQAAyMAGwQzAGsEXwBzBJEBBKMFAB1oAAAWCAAULAhIQiwMJAQ6CBAIAAQOHhwYBRQGCBAAJBMkCBYANA8yCw4AHhAWBBwLEAAOJQAHDgAWCx4EMgseC0gMDgAQCAAMUCYkBA4IABAeECwaFiwAHEASCAwWDDokHh4AECoDSgwcBCYYHE4WCBYANBMcA0JFHAw8AyoXPBsOACQIAAQeCAYMLAAeDxwPCAMyLRALMhMHBw01AA8WAx4HBi0FDxYhBxczEwUPFgMcCxYVACMxABUMDQMlFwADQgcADR4KBgQeDBYMABgcEDoEPAgOBywXDgNeGwUZBgcQLwAPFRUHDw==
1463097064038568,2560,1463368560678085,nature--vegetation,Gi54AgoGbXB5LW9yKIAgEh8YAwgBIhkJ7A7MAUoWIyAHNg4MFgAQFA5VCCUHCwcP
1463097064038568,2560,1463368564011418,nature--terrain,GiB4AgoGbXB5LW9yKIAgEhEYAwgBIgsJ6h2EJxIMVgsrDw==
1463097064038568,2560,1463368567344751,nature--terrain,GtQCeAIKBm1weS1vciiAIBLEAhgDCAEivQIJqhvsIdIJCAAcLBYFDB1eDSAdDAAaIwg5Ax0TFS0ICw01BzMjDRUDOR5BKB0uBRANDB0UDTptJAcKFRwADBAkBxYOLAAIEBIADA8IVQgABA8UCBAjMgAgHAQsFywAJBQePhZmDgwOKhAYFgQOIhwMABAWLBY6EHIPJgggJAwABA4eEAQOGBZSHG5gBBYKBgQ6FUIELDI6KBAOFCwWABAIBgc0OYIBEjQDJA0eDjoDOgkGAxYHACM6AzwLFgcAHToDDzcNDRUfDSkOIxUjACEVEwAHDVkNFysdDR9BGw0hQQsAAw0XDxUjGwcfCB0eCEELDUUAEw4ADRAdHh0MGygjACUrKUEGeXwpUBcWNR4fACUWIwAXDgdIDRsDBwMbDxUADwcAEyMPBRVXCh0AVQ0rIyMfBxUIOxUZFRMlDw==
1463097064038568,2560,1463368574011417,nature--vegetation,GiJ4AgoGbXB5LW9yKIAgEhMYAwgBIg0JthjUGRoEAAgACwgP
1463097064038568,2560,1463368577344750,nature--vegetation,GiB4AgoGbXB5LW9yKIAgEhEYAwgBIgsJ+BfyGRIIAAcGDw==
1463097064038568,2560,1463368580678083,nature--vegetation,GiB4AgoGbXB5LW9yKIAgEhEYAwgBIgsJqBjcGRIKAAkGDw==
1463097064038568,2560,1463368584011416,nature--vegetation,Go8DeAIKBm1weS1vciiAIBL/AhgDCAEi+AIJwhjMGboLCAUIBxgVA2UHMQcPFwAZExMzcQ09FhNBRQ0XFRMzEQAXFRM/FysEJRQbAB0TDREbAx0MHQ4FEUEAKwoNFAAQDhBKFA4EHQtPFgUYBhgbFE8AJQcNAEEMGwo5GBU0BwQbE3sMHQgxEg4MLBgWBCoLFgNKBwYAEAwGABAIAARPKjsIABA/DBUAHRAbFHUAKQcPBBUuTzIbFCMQUSQ5HggYMhgACA02CBQdAA0MDQ4rEAAQMggIBCQICBgAEg0IFRQHDBYyLAwHAAgEDgAWCBUIBww8DA4IJDIHDBYIACpQIBAIFghIDg4QOgwIIDoESgcOACQMHgxAB2YIEAY6DTIPFgsABw4AFgwIFDIiCAgWAB4TBh0VIwBBFkluFxYtAB8kEwgLFgAOJTIAJgwUABYHFgcACx4HAAsWEMgCFCoTEC0GFxUMIwCRAQ9dACMPHSkFTRwPHhsWJUIPBhMeGwYPHgV0fA4ACAsAIQhlAA8OEwAP
1463097064038568,2560,1463368587344749,nature--vegetation,GiJ4AgoGbXB5LW9yKIAgEhMYAwgBIg0JhBjqGRoIAAgADwgP
1463097064038568,2560,1463368590678082,nature--vegetation,GiB4AgoGbXB5LW9yKIAgEhEYAwgBIgsJlBjiGRIMAAsIDw==
1463097064038568,2560,1463368594011415,nature--vegetation,GiZ4AgoGbXB5LW9yKIAgEhcYAwgBIhEJ8hy2GSpeMRYAOB4WKn8IDw==
1463097064038568,2560,1463368597344748,nature--vegetation,GvcHeAIKBm1weS1vciiAIBLnBxgDCAEi4AcJuh+WDPocCFgIBg4bBF0NJQAjChUJGwoHDCsEQRQbAA0sFRYdDCsAIxRBCAUADy4pDDscOSYQHEEcFRYAGBUADQwAABYMFBATAA8SRwUzEkcIDSAACA42DhxYJggQHAQkEDQIBgAQDAYEEBIHCCMYHRAIKgcMEBQAAA8QGxAAGhwMBRQGECwiDhAeAEIMHAg6EB4QCAoWBJABAzwMBggkAx4EOgcsCAgMBwANCAAEFRgdFk8UCAwWAyoELAsmBF4DMg8sAzQVUC4jKAAeFAAQRBwGMQgHAA0IAAwVKAgIBwYjCA8QXQBBECkDJQsNBx0EMRANGDMaDRgIEBwMDQNdBJEBCBUUDSIODDoAJCQsBEgWFhA5BE8kIxZHFAcEABAAGCwILA4UACYVOgRIKgAcECIHHB0EDQgAFCMEHSINJAcMEAAcAwgIdAckDxAQOgAkDBYKABw6DAAQHgxWGg4UGzoNFB0QAAgVDAUADwgFByU+Twg5DBUUQgYsDBYLSBBKCAAIVwBzICUWAAwNNAAMFQoAEBsETxAHBA06AAgPFAUEigEHWE0AFxxWCAAVEAcANAgkAMIFGwUHQAA0GAAMHQPaAQ8TEwARDgMAEwYTAAMICwAHCA0ACwYLAAMIAwAHCA8GCxYDCAMIBQYDCA8sAwYDCAMOAwgDBgMIAAgDBgMQAw4DCAAGAwgACAMGAAgDBgAQAwYDLAUIB1AEHAMABBAABkMsFR5VFgBXCysHBQMdEw0DBwMHAwUDBwMVEQUHBxMVMQ0fDwMACwUHAAcHAwADBQcABQcHAAcHBwUHBwsHFxUHBQMAKSMLAA8VFQADDgsIAw4EbAN8CEIASgMUBwAHFiQQAAY3CAsAAAcIAAwVCxsAhQIDBwQNAx0EBQAdAAcATwMFAAcDBwANEQUAHQ4VADkHIwkAFywjBgcVABsMJQMNgwEWHxULGyUAJzoxDiMxA18LFQANHSsHKw8NEwAtUBMOByYHBk0QCxQhFh8ADxYlAAc6Bx4THgtAJRYTHgckEFgrSAksCxYEHDIWEBYIHgAsDzoEJDYAMBY/CB0PSQBpFj0FMyQDDi0WFwgxBz8OEBsAIxMPETEHABMjEw8ZMQ8PFwAXExUrDw8PVTUVDx0AIxQjBhUZHR8NBxsdKwAPBw0HCANBDB4aUQMjESsAMQsIA0gDOQQNDzMDQRQbBA4mABAjCAAHDQMVFxUJFQ8AAw4DFRcjAx0LDQBHIGUAHQ8rAysIIxQbDwmMCf4DIg8ACQ4OBgwFDwn3COUCGgcAACYIDg8J0BL9AUIHHAQsBBYMAAoNADsJBQMVDw==
1463097064038568,2560,1463368600678081,nature--vegetation,GqACeAIKBm1weS1vciiAIBKQAhgDCAEiiQIJ4jkAggieBgAAphgLAAslAE8QRwsVAxsZJQMrFw0ADQcHACMPKwQrDBsIMwgFBBUIAAgdACMLFQ8ABw0PAFUzAxsdIw8ACw8jACE5HxUHFQ8NDQAXKxcHFz8IXzEpCwAbXwBHEDMMVTIzEAAQGxRJGw0EIxQlMikEFRgjCB0EKwMVEwUPKwR7CCsIBwNdCw0DFREACyw/Bg0NEwAHDgsADx4DHB00FxYbBg8mGRZFBxMdCwAnOhEACxMHAAcdEx0DIx0xACMiKwAPFBsADRQlFgAAGxUjJwYLBQsVAA8lBRcjA0EPOQkHBjkMDQQlHSkAJR5HFAcMMRAHJjkEHQwTCAAEDyoICAcP
1463097064038568,2560,1463368604011414,nature--vegetation,GiR4AgoGbXB5LW9yKIAgEhUYAwgBIg8JrijKGCIkFToAAAgZDg8=
1463097064038568,2560,1463368607344747,nature--vegetation,GkJ4AgoGbXB5LW9yKIAgEjMYAwgBIi0J/DPKFpIBBBsEFQAHBDkAGwQPAAUEDwAFBAcEGxYlCAUMAAgPDEcMdADMAQ8=
1463097064038568,2560,1463368610678080,nature--vegetation,GiJ4AgoGbXB5LW9yKIAgEhMYAwgBIg0JkhqKGxoEAAAIAwAP
1463097064038568,2560,1463368614011413,nature--vegetation,Gj14AgoGbXB5LW9yKIAgEi4YAwgBIigJ8BOSFIIBDAcoCAoVAE8UIwgAFCQAXh80BzINDg88Dw4nMwcxACMP
1463097064038568,2560,1463368617344746,nature--vegetation,GlN4AgoGbXB5LW9yKIAgEkQYAwgBIj4JAADCAYYDAAAkDeQEB5IBA5gDB6ABALgCB24H5AIPtgMDAAArJQ0PACcsFQcLFQANEx1FFR9PEwURFR8ADw==
1463097064038568,2560,1463368624011412,nature--vegetation,Gjh4AgoGbXB5LW9yKIAgEikYAwgBIiMJzBqYHXIUABwVChYcABAcCwgHFhMHDRAXAAcOFwATFQAjDw==
1463097064038568,2560,1463368627344745,nature--vegetation,GukDeAIKBm1weS1vciiAIBLZAxgDCAEi0gMJAJwVig0uFjQIJioQPBAOLAgaBwwVKAASMwyXAQ+MBAQkCBAgBhQWAB4MLBIACB0M4wQMbgwOEAceCAwWJAAQMR4dBA0IAAQPIAgaNCgACA8UBQ4VABUUMxwVPgAIGwRJGCkqDxQbIBUuBxgODCYAFhIOEDMkFRAbIgA4Fg4cBCYQFD4IQDQSHAg6DBYYDUIAGBYcBjYFGDIEHgoICDIoJAgeABwLFgAQDwYTNC0WDxYEUCNAFQgXHm0qANEBBDMMFQNHQSP9AQAvFjkAIRwDQg5CBMQBCDopDRcVBx0LEwcAMSoDEBschwEQKyQNABckACQMCAgWFgYIEBgADBxCDUoIIA8EDS4HMAAQBSIHDAckAA8IAA4MFhYIHBxaCFYbOg4gFiAACg4cDgQQAA4PDg8sFB44Dw4bEAYIBQAjKAAyHVYHCA0UBwwbGg0MDiAHDCQaCAAkFQgADgoOEAUQBgcWCwU5Bg8NBysZAAcWJyQTJiEOBw4TBwAQCxYAOhQsHyRFHCEeJwgHDxMFFSMvDwcFAwARDyMFCwAtMy8VowINqwQIURYPDgcWCQA3AJsBHA8JigL9AWIHQgwOBCQIDh4ACAUEHRAVACMLDQMVDwcP
419363189104763,2560,419566039084478,nature--terrain,GtMBeAIKBm1weS1vciiAIBLDARgDCAEivAEJxg+AQMIEBx0XE1EADxR7CAcNAysEOSNPD0E1VwcAGzEDFQkADzkEKx4HNBZqCBIOAA4QHiAWHjIUCBxHKgAIDzgbBA8aEyQVoAEGUhUkFXB5VisQHQRPGDEADx4jHA0sAE4cJiYkDiYkTiwoMgxYHkIADggIABYDMhVCAB4nZgxWJ0IDOgwWAwgEHDgQBA4TDhcABwgADg8JuQiJAXIHBggIKggwDwQ/KkkpRxMNHwANHABYEhYELC0WDw==
419363189104763,2560,419566042417811,nature--vegetation,GiZ4AgoGbXB5LW9yKIAgEhcYAwgBIhEJyAGkLSoSABAWAzodDQMdDw==
419363189104763,2560,419566045751144,nature--vegetation,GmF4AgoGbXB5LW9yKIAgElIYAwgBIkwJ/gHQLZICAA0MDwQTIgYcKxQAEBUMCBYHEBYAEAgADBYMbAA6CyQDNAQWA0gDRw8NAx0LFQsADRUADQ8VAxULDg8AISMXCA8VAyMP
419363189104763,2560,419566052417810,nature--vegetation,GiV4AgoGbXB5LW9yKIAgEhYYAwgBIhAJAKIqKhwWDFADHgsWFwcP
419363189104763,2560,419566055751143,nature--terrain,Gm14AgoGbXB5LW9yKIAgEl4YAwgBIlgJ+gWGL8ICAEEIDQAdID8eFQAPDA0QOQQjGCsKABwrGAciGyhHFA8UKxINOBs+BxAVGgccEDBsBmYFJBIeEDoILAAyUSZFBj0FMxYpJDNeHRYfOh8WLSMP
419363189104763,2560,419566059084476,nature--vegetation,GjZ4AgoGbXB5LW9yKIAgEicYAwgBIiEJxBm0OWojDxMbA0kMGxAHDBUkCAMyBwgADhMQAxwADg8=
419363189104763,2560,419566062417809,nature--terrain,GjN4AgoGbXB5LW9yKIAgEiQYAwgBIh4JxBm0OVoTJQANBBsUDwANCAcEMRIABJgBCB4dCA8=
419363189104763,2560,419566065751142,nature--vegetation,Gip4AgoGbXB5LW9yKIAgEhsYAwgBIhUJsDqSOjoYABQyADQPJBcAJTkAKw8=
419363189104763,2560,419566069084475,nature--vegetation,GiZ4AgoGbXB5LW9yKIAgEhcYAwgBIhEJ/DbEFioODRwGBA5BCAANDw==
419363189104763,2560,419566072417808,nature--vegetation,GiJ4AgoGbXB5LW9yKIAgEhMYAwgBIg0J8gGKLhoAHgcAAB0P
419363189104763,2560,419566075751141,nature--vegetation,Gkl4AgoGbXB5LW9yKIAgEjoYAwgBIjQJ6AOuLrIBEBYsBRYlJAUQDyIWFDQESAgWDAgEFgMGEwUDFiUyHwgbFh0AMzMATxdrBA8P
419363189104763,2560,419566079084474,nature--vegetation,GiZ4AgoGbXB5LW9yKIAgEhcYAwgBIhEJggLELioELAsAAA0HBwQVDw==
419363189104763,2560,419566082417807,nature--vegetation,GiB4AgoGbXB5LW9yKIAgEhEYAwgBIgsJzCKyGhIIAAcIDw==
419363189104763,2560,419566085751140,nature--vegetation,GjB4AgoGbXB5LW9yKIAgEiEYAwgBIhsJ+gWGL1JiLC4kAw4ZCA8WOQgPDwcbFxUAOQ8=
419363189104763,2560,419566089084473,nature--vegetation,Gix4AgoGbXB5LW9yKIAgEh0YAwgBIhcJ5hmMOEIUHRQACBYQEAN0GzoTAAcdDw==
419363189104763,2560,419566092417806,nature--vegetation,GiB4AgoGbXB5LW9yKIAgEhEYAwgBIgsJyDbwFhIADxgIDw==
419363189104763,2560,419566095751139,nature--vegetation,Gl54AgoGbXB5LW9yKIAgEk8YAwgBIkkJli/MJ4ICCAAEJDoACDEQHSwNCBweLABKBzoEHAMmBw4EMjkIEx0ADQ8IJVALdBMeIQ4PJA8IEzMARxRHABUMHQAVDBUQlwEP
419363189104763,2560,419566099084472,nature--vegetation,GjB4AgoGbXB5LW9yKIAgEiEYAwgBIhsJ7jDUJ1IIDyoFEA4ILBccFxMNQA8QBx0AQQ8=
419363189104763,2560,419566102417805,nature--vegetation,GiJ4AgoGbXB5LW9yKIAgEhMYAwgBIg0JvjjwMBoMHSAAABYP
419363189104763,2560,419566105751138,nature--vegetation,GiZ4AgoGbXB5LW9yKIAgEhcYAwgBIhEJpBzeKCoOBwgWAywNAAsVDw==
419363189104763,2560,419566109084471,nature--vegetation,GskQeAIKBm1weS1vciiAIBK5EBgDCAEishAJAADqLoBAAADYEScFa18bABceAA4LFgi2AQPMAwMUERZFHhscDwAXEwArECsQbRCxAgB7BykHBxtlFQ0LFQAPExMTABMULQULDhcAIR4fBgMQGw4xMjUADxAnAAcPNQATEC1QBwAADgsIBxwADhAQIAYIHgMkIywXACksGwApJBMkADQIBgAWVRAPFh8ADxwRCBsyACwMFiYWHRwLAAMQCwADDiEedSQbBwsNDWUPBydPMRsjBg8FDRUHKxMNBxUPBw8dAxshFQMVGxsLJQQbJEkcDQoNAB0NDQAjDx0nBSUdDwAADQsVKR0AFRMjYQ0LDj0ACw4HOgsIBwADFQsNIQAnOi0AKyMdBgcmGCQAOgcOBFgPWAh8BxwHAAsWPQgPDh86IRsLAAMHAwADBwMAAwUDAAMHBwADBwMAAwUDAAMHGRUPAAMHBwAHBQcAAwddDQkcBwALFgAmKjoEOgMWGSwHAAccFxYHOgMIAxwHCAQWOQgbDx0WCB4HAAMWTYoBAA4TJAcAABALDgAOCxALKg0QEw4HHhscIToAEAMGEywADgsQAA4LDgAODxYHJh0cBxYLAAMIAxYPFgAqCB4LHB0WBxYPCBMsBwAVJAAeCxYAHAskBNQBCAgIOggGCiwQCChIFEISCAQOFAA+JAA0GF4IABQsHhYQJAgAEBwEQiZQBEoMJANCCxYRBhM0GwALDwAbCwAAQgkOBkgZLAMWAFgMUABIDIQBGkIEKgwQAA4MCBAcBCwHOhM6ADoIFgxgAEgHLARmDDoEZgQOEgUMVgBmCGAYrgEHLBhIAA4MwgIO5AIAFhUAAA0PBy8IBB01BQ8PBCsHBQMzGRsbDy9rUUExBwhdBw0DQQcdFxsZTx9BEw0lSR8VAxMTHREAAw4fEAsUAx4LDgMmGRQHEAAWGxwLAAMVBwUAHQkHCzEEOQ8NJ+ABBw0DiQEIXRAzCxUEIwcNIQ4DDgsIIwAZHSsFFxUtVxcNQQcxKxsFOSsLHQcABxUTBQ8dAA0NFQAVGkcAFQwdCDEATwwrA0kIIwBBFI8BAF8jIw9lCEcIHRANBBUqIzgGDggMFgAOFB4EHAgADBYeAGY0OEBOFhoWCBYYEBgAFiUFuwEGTwgVCEkAOQgbA1cQTxi3BghPDCkKXxXzAg9zDxsfB0UICxwtLBsINSQbMjksHzotLANuCxYADhMWEwARFh8OBx4PFgC8AQigAQc0FQgDDwsFIw4LDQczCQ0HKwODAQRHDEESGwgACxURDgceBwADHBMkOSYjBiUeI1AHAAcWFxYpDg8WRSQ5OrsBSg8cMSwXNAcAFyQPMhUQKwATDwUVExsLMxsVJT8fHQsAGSQPQg8OABAYHAA0CxYAKgMWBwgPABMdIQAnJhMAFRY/BmNCGwAPDRsAGQ83ACEmE1APFgc6ESwfAHkkGRYPJAsADxYxDj8sNVhBBicbDRUnAE0sQQ4LDmkOADEHKw85ER0GIwVlL2sbDzFHjwFHUQcbDgMOGxY1CA8OOQAHDQQ5CBULFQMjBF8LPwAjDCs+JSgIIhUkABAbKhUwACIOBA4YEAQUEBY2ABQQUgdOXRQHLgc4EGxQqAEOKA5COpABDUgbKiUUIwgACDkWKxwVHCsyIwgVAz8DBy0IEysPDwANBwUADwcFFUEEMw4bAE8dOQ8GFwUTHQMVGIkBB0cHDxwjEDkAMxNHDxUVkQEnIwsVAA0LBwcbDQcADQcAIzM5DRsVUR0LOQNVEysAKww5AEEVIw8ICyQPBhs0CQATJAMWDwgDDhcWHQYbJhcGAwU1tQEDTwcPABUlRxMNSQ83CC0eXQcHDSMHKUcPBxMjBwARIyclAwVRSSExAxUAIxY5AEkpkQEAKQwzAzkXI1UGCw0LMQRXCzkNFQBBEhsYBxQIJhUMHQNPKTkDIwQlCBsQFRZPDBU+KwwrHCsEZQNzBxsXHSkIFx0fDUUIGSQDJAsODzofxgEhUC8WHQcTHV0WGwUDFQsPDTEEIwcNABUnSQMVAE8MKwhVAFcTMRMHcwgHDhMGG0ItDg8J9iCYFtIFKgAYFToICA5mDQwbCyUQFQAND9kBA6kCC08XJQcFJQYLFgs0ISwPVhMeAA4TJAcINQcLEBcAKRYvFREdBwAHDQMrEx0ADR85AA0pDw8NDyMtAAsWACwIJA8sB0gHABUkFwgLFgcACx4DMg8OCRYjFh8kDQAHFickMVgHHggsEg4ADggIKAYMFgwAJiYsByIHQAgqFS4HHBscBwMHFAVGAAwOQg4DCAQkFCQSEDgGGAUOFQArBxUPCcYCiBhqCzoAQgRmCCwOFiAAHBUQMwBPFnMxKx8FCwYPCfYQ3yuiBAcIACwQJAgADB4MBhJmQAg2OgwAGCwiHCBCQiwMFgAOOmAYDiYAJBYUHQQrAxUXIwtHACscRwtJC5cBCw8DGykABw4XAAcNJQ0DMxM5CwADDR0VLw8DDQsFBysVIxMPFysPMQAjEDMEIwdtCBslTwsOD2Y5OgtCAEIIHBIWBZIBCkIVOgcADyQHAA8JpxmMC+oBCx4EXgNCDDoUCD4VGBYUJDYGGAUiHRhzAx0PDSE5ADkHIw8HDx0TRwcABxUVBx8sDwALHgQyAxYVHg8JhgrSA1oDOggICiQFLAoABBUkDxg5AxsbKxsADwnfCrQKQgUWCg4ALAgWEAgEIw8VBzMPCbYCBSIDHBgWDh0NEw8JgAGsEUILHghILDImAAg5BysPKQ8PDwnsAimKAQcUCEoHJAA6CA4AHhA6CAgMBwQjDBUAIxJXAF0DKykVFw4P
419363189104763,2560,419566112417804,nature--vegetation,Gk94AgoGbXB5LW9yKIAgEkAYAwgBIjoJmh+UKMoBADEIDQArCB0MFQgAHiYEVg1CEiQYBRhXCAAIHABSCxwXAA8NEyQRCBMdCwALGwcAAzMP
419363189104763,2560,419566115751137,nature--vegetation,GjB4AgoGbXB5LW9yKIAgEiEYAwgBIhsJjCGOLVIgAAwkAywHCCMHCRsXAAcPAxMIBw8=
419363189104763,2560,419566119084470,nature--vegetation,Gix4AgoGbXB5LW9yKIAgEh0YAwgBIhcJANAHQhQICBQIzAEHEAMkADoLJAsADw==
419363189104763,2560,419566122417803,nature--vegetation,Gk14AgoGbXB5LW9yKIAgEj4YAwgBIjgJ1hysK8IBCA0HbQgTDA4EFhYGHBUUAAQNIhUYFihCAA4MEAM6KzIxACMVFxsNAAMcDwgXFQAdDw==
419363189104763,2560,419566125751136,nature--vegetation,GqgBeAIKBm1weS1vciiAIBKYARgDCAEikQEJAKQhogQkCBoPEAgcKyoVECMEMwwFCBUmDQwVEAcMFQANFB0OKxQFGBYgAB4WECoMWABQBx4YMgQsC4QBCEAqNBgAEA0MJSobCBUYBwAQCAYAQgceGxwDDgcADywJtgESJAwIBCQHEAAqHCwAECsyMR4HFhcOGSwPBgMQFw4THGMWNwVNHFkFBw4VAAccGwgP
235997291422947,2560,236194891403187,nature--vegetation,Gix4AgoGbXB5LW9yKIAgEh0YAwgBIhcJqhOSM0IIDRQHEhAEHANQEQgXIwcdDw==
235997291422947,2560,236194914736518,nature--vegetation,GpwEeAIKBm1weS1vciiAIBKMBBgDCAEihQQJ5AKmPOIPACsQMQ4NBSt8DRgHHh0ETwkbFx0LAB8bFTMAQRIjKAAYDgQQQjoMAAwcEggMFhQAACMLIwQzKAcOECAGJDwKJAgGBDwIFBAICA0MACIWJEgEFiQeFiQUDmoAFAgqBz4IMA9KACoFHBVOABgNQgYkDQQNCxUfByExAx0IFQAbAwcqFRAjEAcIFSYNEB0IAAwpHjMIAAwxCAcIMwsxBwAhOQ8NBx0EIwgNFAcaDiAADAgEDhoIOABWHRYbABUUSRgbFAASDgwWAA4QDgAQCAAULBgGCh4IHQwAFBsEFQgACCMMFQoADB0cBxgQFhwgEBgkNhYYJBwWCsACGZgBCB4WDjgIDAcSFQANDBUAFSBBDDEMFQSBAQodA20MMRgrAA0IAAwdEA0EHRorCAAYKQAPFBsIKxYjMAAQDhZIGDQuJAwAEB4USAgIEEgSHiQOIBU2BxAxHgcUJgAyDDIQEAwcCAAAEA4GBBAMBhgVBCMMFToIGCwQQAwWMhY6CCwsOhwYLAQkEB4uLBwOJjoIHggAGCwQBhYeBIwCGSwrEBsWOQY1JBMAMSYfBjUsCxYfDn8FMw4hB2EIHw0XHSUVVQcjHh0sDzIAJg8cAyzXDgAAKyUVAA0OFQM5CQ0jBzEjDwAHBx8jJQAfJBsAHRUvCE0NNQYPFUUrHzEHACE5LwcP
235997291422947,2560,236194944736515,nature--vegetation,GqICeAIKBm1weS1vciiAIBKSAhgDCAEiiwIJhCXiOoIICBUkBxwbBHsSORgdQggYFW4IHgcMDRgADA+EAQ00FR4WBBYUHgMsBBQHEANIEA4fFgcsJFAEJAwICBYeAAgNAEkIGwA5JSUODRwFFCsQDwANDBUSDQQjEBULQSQjJgAUJCAWBA4aFkQICBUAZQsjCKcBLgcICAwkFA4SHgAOFB4QBxBPDBUmBQwUCAAAEAwOABYQOhIeCAAIFiwkDBYmDhwHIhsEDRgHKEgSCCg6IB4SXjRYCAAOHAwIAA4MDhA8GA4eACQWGBwAEAwUADQzWBNAAEoIJAgIBDoTQgNIvQgAEDELDwcxNUk9I1kHLxNFSQ8AOTkvHRkxJwdJIw8bHQ87OQ8=
235997291422947,2560,236194948069848,nature--vegetation,Gih4AgoGbXB5LW9yKIAgEhkYAwgBIhMJ2AvkODIYBgQQAyQHDhUABzkP
235997291422947,2560,236194951403181,nature--vegetation,Gip4AgoGbXB5LW9yKIAgEhsYAwgBIhUJ8hzOIzomAAgWBx4TFhkAAw8AKw8=
988944535180588,2560,989177218490653,nature--vegetation,Git4AgoGbXB5LW9yKIAgEhwYAwgBIhYJhi4AQi4ABBYgDgQOEwgLHhkAEx0P
988944535180588,2560,989177221823986,nature--vegetation,GiB4AgoGbXB5LW9yKIAgEhEYAwgBIgsJlD3+NRIEDRwODw==
988944535180588,2560,989177225157319,nature--vegetation,GqsIeAIKBm1weS1vciiAIBKbCBgDCAEilAgJAAC6G5YiAA/EAQseADoMMhAQCCxGbAAkCywHCARCIAYOBQQPDAAQGwNtKHMyBzAeDl0UDxwABA0QBxIbCCsYIxgADBYLVgBmCzoPFgs0ACwIDgsOAxYdFg8eAxwHAAMQQRwDLA8OJw4xBTUGDxAjSAcAFSwHAAceI0AdFidCC0IcHC4AMDwuFBgAGBYaACQxGAcuAEYkFB4EHgwUCAAULAo0DBwAJhEkBwALHAcAGywADggIADoHEDEPDxUXBRkGBx4IdAsOFykTBx0jLwYpJhMqMxYFFhceBywbLBNAFR4jFhcAFRbrAQANBhMmAA4HBg80kwFYDwAXFRUrJyMADw8bAx0VKwtrEzkPiQELKxMldz9BQR8NNQA/OhEcDzoAJh5eGCQEHggGDGYQJgBADzQjOiUkAA4bLAckCxAEfAg6DBYoACIWHAA2FVIAFAYYHh4ICA4UABwdFiMADQwHCBUUBT4kHDIMLAe2ARQ0AIoBBxYAJAs6EyQHACFCMyQDFiE6LyQtEBMcGxAZJCMGNTkPAAsWGwAhBQ8VEwAXFgkWEwAHFBcQFzMRBRMlK8MBJTkXDSkGIxUPDQsbFQ8TKwcADxsPBxUIDxwHAAceDw4TADUxIzk1Dz0jIwAhFQ8rB5sCDBseHQwxAE8LMx05PRsbKwOfAQ8lEw01CFEAEw1/Bg8sB0gjFgAmFBwAOgwICBYQBhYmBDIHCAUWDwYPHgtmCw4ZADMrJQArJjUAFx0XCCEHEyMLewsjAysTKwANGR0ADQsNAx0LFSkdAw0fGx8ADUADSh8kE0IdBhsmB1YIWBQkCCQmHiRICAAAEA4WAEAJJhMkIxZNADkOHxUhHg8cN9QBKV4HLAcIAxwHCAssGYoBB3wbdAdmE3QJhAETmAEHzAELhAEHHAeoAQ9eFcYBBxYAHA8sABYLHANCEAgUDR4AWhxWDRQWPhwcHgQOCAAqUBBQCAgYXgwQFlAoMhBmJm4AOggcDAgwUC4OICYamAEALAsyFRADFgRkB6IBF3QAigEHFgSuAQgAGCYXMhNQFQgHFgAkCA4SBwAWGTQvHAc5CwUtBhseMQ4THhMGER4ADhMeDwAXFTkOFx4LACVAExAjSA06CxADFBsTGwYhDRMOPQgHDiMAMRYrOncsDBYADhcQAw4kFgAOoQIAANsXagAIFSojCCULrQE5sQILGwMrE0kHBRl7Fw8PCUKjB+oDC0IQigEokgEizAEMLAgIEF4MHgQqECwAFhpYCAYILBwsBBYIAAoWFAcUEBAPAA0MFRINJAcYIwgxCA8AGxIdFEEgrQEIDQQ5FkkAGxBBBDMMIwQxFEkEVQMdGyOHAQ4fJAsFDyUlBRskEwgdSRMAHxULVS0PDxsbAB0kGwALHg8=
988944535180588,2560,989177228490652,nature--vegetation,GiZ4AgoGbXB5LW9yKIAgEhcYAwgBIhEJ8D+uNyodDxYAECMIAAA0Dw==
988944535180588,2560,989177231823985,nature--vegetation,GkN4AgoGbXB5LW9yKIAgEjQYAwgBIi4Jti8AmgHUAwAADhksHx4ELB8yLR4PAAcOUQgdFWkGGw0LFTEVA1cbFQANHBUP
988944535180588,2560,989177235157318,nature--vegetation,GkZ4AgoGbXB5LW9yKIAgEjcYAwgBIjEJoDQAmgHgCwAA+AFNB20ODwVfBicQywEAVQ7VBQc9DRsVAA0PHQMrIQ0DIw8dDBsP
988944535180588,2560,989177238490651,nature--vegetation,GiZ4AgoGbXB5LW9yKIAgEhcYAwgBIhEJ9D6YNyo2AAwOGwgXABEHDw==
398809954804883,2560,399012161451329,nature--vegetation,GiF4AgoGbXB5LW9yKIAgEhIYAwgBIgwJAPI/GggAAA4HAA8=
398809954804883,2560,399012164784662,nature--vegetation,Gnd4AgoGbXB5LW9yKIAgEmgYAwgBImIJigvSKdICIAgoDyImBCQMACA5KhUMFghCAIoBCHwDxAEEDgwFDgYNYABICx4DQAcWFMwBA3wEzAEILARmA14PXgB2CBYAZggyA3Q3CB0dDoEDBfsDCxUzFiUAExwDUAcbDw==
398809954804883,2560,399012194784659,nature--vegetation,GuEKeAIKBm1weS1vciiAIBLRChgDCAEiygoJtAqaBvInFA4EDhwIEBYSBwQNCAAQHQwpFB0ADQwHCisMDQQjECMAFRAdCDEIBwijAgo5AGUJBQAH2g0AAA4oCCIIIBwUABIWNB42AAwOEAAMFgAOEggMHAgAFCwQDnwIXisIFQeBAQcABxVBDQsPAA34BwADMgQmJBw6EA8OBRYmDhAWAL4BCEgIDjYACA0UAAw0A3QLLAcGAx4HBj0FAxYHvAEHQg86A0IHFgR8EAgMFAAQXgAQD1oNHhsIFQgAKEkWTwgFDDsEVRArBDkYKxoHIBAYJAQcFgUQTxwrBCMLDwANFw0HFQ8NA0kIFSAVGAUQDi4VHCsIIwsrACMDDSMPAyMMAAQODAgcAAoOFAAIDQgxCw8TCBUjAA8SGxAHECMMBwspBwcAFcQBAAdQE0IHBgAQFSQXZgcIG2wHCB1mABYPJAMsCxYHMgcIFWwPHgMeDxwXWCFCBxwDQhMsQSwbMgcsHToADgsQAA4THAAQJzIRAAcQGw4fAAkOPyQVHhcGKzQLABkeEwYXJCEWDx4rJF8ILxZRABscIQgLDk0WDxYXCAcWEQYTJBsQCxwdHhs6CzIHhAExmAEAHg86A1gUkgELABtAFRALXgcWA1AIvgEQMgAkGnwAQgcWAzIA4gEISggWBGYIFAOiAQy8AQCwAROmAQeMAQekBQiaARRmFBwDSgg6DCQEXkKgAQRgCyQDigEHJANgBCocNIQBFlpQDCwUAC4kNF4mHhgkKgAIDhgIECQUDhIIWgccFhAmCAALHCckJQAXFRsAb2AvVgNCD0INCAccIxYLSB0eAw5pHisHdwgLB3kAFRAbABMcPR4jKiEAGxY9AA8QFzIADgsQBUIHBgQs2w0ABB0IBQANAysDDxM5EEEMDQANDCsAOSZHRBUaKwwzAIEBCysERws7AF0JTxZ7LCs2Gxw5CAAeKxBBEBUQORQjEgcMFQANCAAMHT4xAA0UJQwFDFcMFRpXCAUADwgFCCsUIwAPOl0YDTYAHCQMSBomCAAsVhAQRgYuJAQIBAgEBgQIBAAECAQABAYEAAQICAgWKhgQGAAmFkQGHh4EDggADCw2AAwNUgcMKwgFDDsYKTIdDAcEACYIECMQFQQjFDkDtQEIHQCRARIxBE8DmQEIZQgbBJ8BFK8BAE8HQQhPAxUEXRBtDOcBCBUEqQIXmQELGwc5Cw8AFQcNC10I1QIHSQTXAw1JL1cfGx0zEFUWIwxBEB0o2QEmexSRARyBAQNXCyMAXQclA08frQExTxMOFwBvDRMVPQAPDgseBwAPOg9sCQALFhcFHwYDEA0GABALFjMUJWAfDhMkDVgbSBcQBxYHACk6LwApJBMHDysdGwANGysHHQRBEBsIAAQdEhsASQ0VJw0LFXs5BxUTBwcNAyMXDRUrBFcmMQArCA00DjoALg0YHRRHHisUD1IIEBUIGwArFysZDQ8zA2UMQSs5GwUNFSsVBxUZFR9BQQhJgwETBRMWQQcfHh0AEw8HKxMAExAAHBAWBB4DFgsOACQkZgAkCxALB0kICxYAMggIABYMDgAOIDoGQgkOEwgnIxUHFwgPJCkkBx4fMgMsI2ZzCBcOdQA5HAsWBwAAFiBCAB4TJAcyBxAlBhckABAlFhMAFxUbAA0VCzkTIwNBCxUHAAcjHR0LAAAOBwgLoAEAlAIIjAEcKhoQCBYcFggWPiQQJAjwAQPKBQzaAwd6BxAnDxEVFwATHgtCFSQfHkUHB+MEAM0CB3sAMwOBAQB1AzkPoQkLewMHAA0PCZoShCw6BywASBgIEAcIGwAzEysP
398809954804883,2560,399012208117991,nature--vegetation,GlV4AgoGbXB5LW9yKIAgEkYYAwgBIkAJ9C/KOdoBEw8dABcVCzkIDQgzDBMIOxoTEZEBCF8aKRAzFA0ADxgNDhUEGxAHFEIE4gEHOh8GBxYhHg8kD3wP
398809954804883,2560,399012211451324,nature--vegetation,Gj14AgoGbXB5LW9yKIAgEi4YAwgBIigJ0izQOYIBGCsEPxY7FA0EDUoVRjoADhQmGA4XDhk0QzpFBhcNHQAP
398809954804883,2560,399012214784657,nature--vegetation,GrQDeAIKBm1weS1vciiAIBKkAxgDCAEinQMJ9DsA0gyGAQAELDJYEEAiBQRAHB4cCA4ODAAMFQQrNGUADSZBJA0IKzIAANAVBwAPJDkPCxYHAAseKQ4TLBMOGToLCAdmDx4PBg8mA1YhJAsAEx4ZCAscDw4jCB0eIwcLFhcOERUHKwcFKwAVDQ8dABUTKwcrADEMcxArKgcIFQgACBUQDRgOJgAUDSA5Fg0oQQgADBUAHQsVHwAPFVEFNR0TKwATDysPBwkVOxsLMxkrCwAfIwcxDBUdFQAdDhUADQgADBUkBwwrDg0cAAwNHAcaMTwHCA4AJgdADggcBxQbGAATBxtBC08RGwAdCxsjDy0eIwcAKQcHAA0PBwsVBTEKKxQdEAcEDQcbDw8TKQwVMBUIFRYPRAgOFRAFPCQKHAwQAA4YCBAHEA0iQQwrACsQGyolLA0AIxczABsUHRAABA0DXQ8zOQgXDkkADwcLEwBRCA0HGwQVEAYQIxAHDhsYCAgOIA0eQQgACB0DQRhVBw0AQQcjDw81CBMjDwAZFgcPACMIIwsdGxUXEB0AAw8fGwsAGR0APxpJDw==
398809954804883,2560,399012228117989,nature--vegetation,Gjh4AgoGbXB5LW9yKIAgEikYAwgBIiMJuBHMBnIMFQgFFgYYLAAWECwEJAceBAYDLCMIHSsLMQNBDw==
398809954804883,2560,399012231451322,nature--vegetation,GjJ4AgoGbXB5LW9yKIAgEiMYAwgBIh0JniuQGFoQABQkBBYDMhMAExshDQcVBwAADwgFDw==
398809954804883,2560,399012254784653,nature--vegetation,GtIDeAIKBm1weS1vciiAIBLCAxgDCAEiuwMJAADyDLIIAAAOABAEBghmDBYEQgwkCEgIEAxWDh4MSAQIBA4ACAQIDBYADihICgAFrAIS1AYExAYIsAEAlAIQqAYAqAEDdAhCBEIAJASoAQAOA4YCEJADAA4EWASCAwSEAQBAAMwBCm4ACAQ6BIYCBFYAHg9ByQEFjwEdMwAhDUMAGR0AFQ8xAEELBxA5Aw1BDQgjDgcEMxEVC1UjOR8VER0AGwsVAA8zTwMbBDkQHQxBDBUDVQgrAB0HDQMjFxUYDQgACAcQDQxBEjMEKSBfBCMMBwwVAA0SGwgAGDMQAB4Veg0UFgwjAwcEZQcAAw0UMwY/DCUAMQsNDCsEMxQbCB0DywEUXQOZAQSlAQxlAEETDQsrDwADFgsGBx4FSA8kCwATGwcIFwcRKwMxDw8fAB0sEwgbJAceA0AAhgIZ0AIPdAN0BwAtIwMbEl8IkQEIKQRJA10MIwSFAgODAQsHMU8nFSE/EwcDDRMPNWsfFQsdKRArKwcrDQcfPwNJBwAXIwMjGQcAIxczAxsEIwcHAx0LBQcdBwAADQwNBCsUKwNdDyUHAA0TAA8XKwsFAA8HBQBBDzELBzUODw==
224850146123386,2560,225075336100867,nature--vegetation,Gix4AgoGbXB5LW9yKIAgEh0YAwgBIhcJ3Cq2FkIEKwgHBEIDAAMABBwACAcIDw==
224850146123386,2560,225075339434200,nature--vegetation,GoMBeAIKBm1weS1vciiAIBJ0GAMIASJuCdwr7AeKAwP1ARBBCAcIORw5EF0uiwEEPwNXDzEYOwhHmAEABDoHCAMcAEIMNAA6DCwAbBRuBMwBEhYEMgseEQ4nBy1mEwgPIw8ABw4ddAAsDyQDJgcABxwHUB0FDiUJAAsjDw0ADQcHDzMPBQ8=
224850146123386,2560,225075342767533,nature--vegetation,Gjp4AgoGbXB5LW9yKIAgEisYAwgBIiUJlCXcF3oAFggIBBYTHB0AGxUAFQwbAE8HDQArFAYAEAwOBEIP
224850146123386,2560,225075346100866,nature--vegetation,GiB4AgoGbXB5LW9yKIAgEhEYAwgBIgsJ1C2eJhIAJAMjDw==
224850146123386,2560,225075349434199,nature--vegetation,GiB4AgoGbXB5LW9yKIAgEhEYAwgBIgsJ6i3WIxIEFgMODw==
224850146123386,2560,225075352767532,nature--vegetation,GiJ4AgoGbXB5LW9yKIAgEhMYAwgBIg0JgECUEBoADgcAAA0P
224850146123386,2560,225075356100865,nature--vegetation,GiJ4AgoGbXB5LW9yKIAgEhMYAwgBIg0JtizQIRoEDhEAAA0P
224850146123386,2560,225075359434198,nature--vegetation,GiJ4AgoGbXB5LW9yKIAgEhMYAwgBIg0J6DPmGBoAFgcAABUP
224850146123386,2560,225075362767531,nature--vegetation,Gkl4AgoGbXB5LW9yKIAgEjoYAwgBIjQJsiC+ErIBFB4MAARJCA0IOQQHJggIHgBABxYAJAw0IDIIHgNYNxURIwAlEyMLADFXAyMP
224850146123386,2560,225075366100864,nature--vegetation,GrEUeAIKBm1weS1vciiAIBKhFBgDCAEimhQJhg7cJcpDBNkBEPcBAJ8BC18HBQ9BACMLOQvLAQkdAGUTRwRBJyM1BgsFDxULAA8dDQALFQspACUIIyIxA0EZFRceEwYHFhUACxULABsbAxUZDwopGCsIAAAPEBMEHRsxCysRBxMdGwUPHQAjDBVKABgeNgYMFhwQCAAEDw9VAEkPMQBtC58BDDMQDQwbAIsBCCMAORt7CHsHGw8VAysgKwgrGCsmGxAzDAUiQRQAGDoDSgg6CA4ALAwsBDIDOgoeBF4DhAEILBQHDCsEMRQlABUMGwpJHDEDQUYFEAYQcyQrLg0QBhQeIg4wBRIHEB0AIwwjIB0aCCBeAEIjQgVeBggNDgM6CBYSCAQOEAgMFgAcGxYAOgwWEFgALCMyBBAcBjIrHAgIBwAjDxsDQRAdFA0AFQwVHgA4QhIAHBUQIxANFAASDygeDCQAFiIeBA44Bg4WABAQDjAOIiMcDQQPHBsEXR4zFEcAHRAbACUMDQQrLgUUOxQADh4MCAgHABUIBwgpAzMMGwczAEcIDxgFPgYILABYCA4aCBQkKA4MHg4IBDIUAAQ5AxUIBwQVEw0PGwAPBA0YDQgdBwATKwQrEA02BSA7QhAQBwgNCDkgQQoAEBwkKR4AEBwANCAAEBwTLBMOBBYUEBwAKhwsUAoAMFAIABAkAyYLFghIBywEQgMqDGAAOgssBwAfQA8IEQcnIy1PEw0TIxsHCQgDLA8cBywXHgMqACwIQggOBFAAFgseBHQUAAQdDAUaFgQOKA4QHgNCBA4mJBgICBYMBgNQIkoYBxAxGBUSAAQkAzIMLBAAHCsaBQgOBEIwDhYNBA4IAANeBBAQBgwWABAMBgQkEAgSHigAICQSFQgjGAAIHBgFGjIMACAbHgYIZjgeDBYGHAgIAA4MCAQOIEciBwwNIAAUHBoAMCMADgwQCBwDNAcGCB4mCCQHFg4QLDQHGhskByArIg0wADIVJBYmBxAxFCMaFRgAEBUEIwMPCBMmBwhzDB0MDQwABA8EAAQWDAAIKQM7BNkBEw0jABcrCQAXIwMrHAcmHiAACBUiDQwVC08EHRwNABUPOQSDAQs/DB0YABANCisEJBQWPgcYIwBBCxUVBSMjHwADFR0PDzkHBQBBBzMIIwwIDAcADRozBBsQDQQdECMIAAwVDAAIHRYIBBYIAAQOFAAyKwQNGA0QIwwADisMDwQ/ECscBwwOFgAQDQQNAysLDQMVCHscRz4lGCsEcwwNABUMBxYjA0cHHQgFCCUgGyAAEg4ULCAOCBYaAAgbEBUADxwbDBUADRodEDEDSUFdD0kLDQA56A4AAPYPHw0HDgAmDTonBg8QBxYHAAAOFRwAHgseBDoHJDUAKxYPHC0AExYtABsbJwAdJAssHzoHAAcWCQAbLHFACxYRCAMODwgfMgAQEywVggEAbg98A7gCBL4BBywAlAIQHh4AGA4YHSIADCsHTxgALCYmBhgsCAAMJA4IPGUIHRIAAGAMDjQdEBsOBwgIACwHDgAWERYDLAQWEg4IJAwIFDIEkgEHDgsAFx4dDgMQHxwHFh0OAxAXFAAQCw4HHghQEBwAJBAeCCwDLAcGBzoLFgAsEB4ILEYqHABWJgoOGAAoJCoIIA0MFRoHCB0AKRxJBEEIFQMNBGUEDRoAADoRWAQsBw4AUAcOA0IeDhgWCBYIAACQBQ8ABw4VCAcWFwYTLAtmCywDXh06ABYLFgMeCxYADhseAA4VJAcAAA4LFmUQtwEPYRWDAQi3AQ0dKyMdDxshDwMNDwcbKRcAJRUfAC0ODxYLIwAVDx09BQMPDwUAKwgHAA0cKyINDBUADRAVBB0HIwwNAA8HBQMVBwAlOZkBgwEFBw8/AwcABwMNABUTIxcNGSs7BxUQACQfFrsBALcBFjUAKw8NEAhQAwA3SQs5ERUPQRs5KZ8BEiMADREVADkIHRoIADMIDhgbAyMHDw8NAxYAlwEEFhAAGCQiBhgVCBMmBxgcEAAMDSI0EAAMHQAjCA02BwSfAw05Bk8N5wEEnwED2wEPEx8ANRQHEAsAAw4HAAcWDwgdKhcQCxwHAAQWAywtUA9eA8YBD0gAfAdtAIEBAx0RAADUAQjMAQ8HBx4I4gEMKgBKHwgHDwMjAFcHIweBAQcVACsVSQdHEysDOQsNABUHHQsNAA09Bg8bAxUtSRAFBFcHDScNAA8ZIwMHAwUDBwcFAwcDBysIBxwFCBNeCwgDQgsWLQAfDkUHBBUjDQsOAx4JAAANAAcDDQMjCxUrBgcAFSMbBwMFAwcLFS0AAwUDBw8NAAc1CB8AGw4DBwkbEwADBxMbEwADDgcACRUHAAcdAwUADw8bgQEIPRwPAAQHBxsEIwclERMTAAsVBwALDgCgAUUWDx4HAAMUBQgDCAcWAwAHAAccBwADDgsAExYDFgQeCRYDtgEADgMABDQADgMOAw4XFjUeAA0LD1UACxAHBhsFAwcDBwcpFRUHJQg5CxUAIwgVB1UIFQwHBCMXFQsdEwULJQRHEDEESQMbJUkDKxYbADkQMwAbDyUhGxcGHx4hCBcWVQchHAAWIyYDDi0WBw4fBxMeHXQDfB86Ax4LFgcsAFYILAwOHAVCBhAeJh4MKgMIOQB5HhUGCwADCB8IFw4FDhMkExAAFgMGDyMZDQMHAA0HAAsVAwcDBQMHAwcDAAMFDyUYMS4VCCsAVwMTEQ8LGwdlImUIAAAPCAUADQcdFR0AEyMlKQALDQ8AGywDHA8AGRsPDhMFG0kJAAMNBwADDRsdFwAhHg8kBwATJABIBxAJMgOwAQpWBUITCB8HBJMCA201ZQsAFx0LOT1lAA0PFQ85IQ0DDw8FLQ4TFSsAISQfCBcjFQAHDgReK1gDHgsODSwzBhMNCRUHABcjNQ0LDgtQEx4D9gEMQgBCOaABB0IAZgtIA3YEHAssABwTHgNQHToPSgMGDwnuIdkgUgcOAB4IKiAFCBYOBwQrAw0VCA8lDwnSAewXsgYJUATSAw6uAQTqAQgcFAAIDRwICgcgcxgAFBYaBxAjBCMcAAgcCgAMHgwIGAcUIyIHGA4UOh4AFB4MfCAWEiMFdSINFBsDZRArAFcMIxIAECQgCCZAKBYMJhAGA5cBG6cBAHMIFRDTAQThAQBdE0EAMQgHDCsAawuDAV7zAhoxA0EZDStXEw0pAAsWGwgVFSsPUQifAXQHFiUkEyw9OgcQBzIEUAMOGiwwFhAWBFgHSBcIRUkLABMmBwAVXjt0AywHDgNgCSwGJBAyBywRJCcNBxUHAAAODwn3F9YCWg9SCDIQDgQVCAUIQQNtBBUHGwNIBx4PCVr1EYIBBw4EFhwINkgMUAM6BBAuDhgVAA0MFQBXBxULXR0VKwcPCY4O4g1KAywMWBwWFgAQKwBHDw8DIyEHDwkPngUaAAgEAAAHDwk2ADoDAAMAAwAACAQABAAEAA8=
224850146123386,2560,225075369434197,nature--vegetation,GiZ4AgoGbXB5LW9yKIAgEhcYAwgBIhEJjib2GCoQABIOACQ5AAAbDw==
224850146123386,2560,225075372767530,nature--vegetation,Gih4AgoGbXB5LW9yKIAgEhkYAwgBIhMJ2g3qJzIRHRYHCA0AFgMIAA4P
224850146123386,2560,225075376100863,nature--vegetation,Gj54AgoGbXB5LW9yKIAgEi8YAwgBIikJwgyGKoIBAA8MDRgAEA4EFgoFAA8ADShHBBUQAACMAggeWQgzFQM5Dw==
224850146123386,2560,225075386100862,nature--vegetation,GuIHeAIKBm1weS1vciiAIBLSBxgDCAEiywcJAMoFghsMAAgkBG4HOgwHBBUmFRgAFBYEOhNgJioEJhQGRhUYFQQNOhVAOS4ALiQQHgckTSwPJAAkCBYDJg0GFywHAB86BwAAJBAmABQgLARKEBwEOksWCRYXCBckEA5KFTAAFggEDggABBAcHD4QEEgbMgMWCwgDJAgADB4UBggWDAgEMgsIAw0TAA8WMQYbHg8AERYvBgcQABYsAB4dJAcMExQHSgcIFg4ICCwHABEkJw4HFg8IAyQMABgcIAAIEAAcGh4AJBUkEw0bAA8OOQB1LAsOBTQHFi8OGRYDDhcQEDoMDhoAHBVCCBwdIgAYLBwOEB4iFTQHEhsgFQQdDBUMABYxMCsADQsHAA0bKwcdBDEMDRAAIA4eLAQcJBYUJAQmDhwESgtQFToALBAcPiQUHgoeBSQjFRsAAw4EUDRmFggYJAgALF4KAAQQHBwyDhAWJBYmBRQWQgcQCBgkRhYQHCAAFiQDLAseHQYTJgcABCQQFggkLwclUBcIDx4LOgAkECwALAgcDBAEFBweBB4iKgAQDAYIHgAyFCwDHhMAFzMHAB0rAA0PGx8VEU8bHRMAEyQDUAcQCToHBgAeEiQANCQqBEITJBMAFRM3DgMkBB4NUBMcBx4bBgcQBCQMDgAsCwgDFgBIEHQDQgsOKQAHBQ8zA3MMIwg5AA8LDQArJDEAHRsxIw4ZMgcADx4DMhsWDywVDgP4AQSKAQhgDhwQECAAJh0EywEUKwwAEB4EXhhQfBAUJAAcFBYDWBMcCwAPHiUWBx4XHAcsEwg9OgsAExwlCA8OJQAHDg+1BgeRAQDDAQ/HAgC1AQvZAQMjCwcNLASiAgpYDAgADggICEgHZgcIBwcDbhzOCQsACxYhDicAKRYnAE0WTSxJAA8NBNMBCDEEbQgNGAcyAAQNEAAEDiIAGBYYBxYNCBUQBxA/FCUEKQwdADEbSRcAE1AJCAAOHwULBgcWAB4pQAsAEykAJQwbCAAEDSYGAHMIFQhPMF0KBgQWCAAAFhAOABsPDQMlBBsUHQAjCxUHCBUHAwcPRxcNCxUxDgcVFw4XGxEABw4E2QEaMxgADBMIVxQNHgAEQQcNKQcEIwsdD1cHGwsNBw8RCE0HOmsLFTEGGx49DQMOGxYfABkdC0cQIxoPAA0QDQQVCAcAIwsVLQ5RABsWDwnQAQ0qAwADAAAIBAAEAA8JiAGzBWILDgAeHBxSEFIrCA8DFR8FBw0VB0MIEQ4PCbgC+g4aAyYIBgQrDwkD0xBKBxYE/gEMfAwkACwICADBAgOJAQcbDw==
1361490530913249,2560,1361811094214526,nature--vegetation,Gjd4AgoGbXB5LW9yKIAgEigYAwgBIiIJ4gmAQGoEK1oNHBU6DZgBDggOERAPAAMGBAgLDhcAAxYP
1361490530913249,2560,1361811097547859,nature--vegetation,GrkOeAIKBm1weS1vciiAIBKpDhgDCAEiog4JsiQAihjOGwAAmhQbBiEFAw83ADUjEwALDg1KIzoPBh08ACoOEOgBBwgNIgAEDgwAAPYdBwALJABCBxYHSiUOCysHBwOBARMrAA0hMwsABw0XCAcOBCQHbhwWACQtLANIJjIAJjUGFxZtCDUkEyxNADUsAA4XLAcHAysZOT8xBB0MFQgAECMHTwQrBxUMFQAbBx0PFRMIDRYjBxMQByoANBEyCjoQHgQWAxYtCA8OhwEsiQIHKw0DIwcHBysJ9wEHMR8zJw0tAA8jC3MEtQELOxkpABUHDwxPEhsADxkjBwAHFW0jLQAPDgN2CF4mhAEAKgw6BKgBCCwD6gEHBhVKBIoBBhwQFgRKDBYEOgfoAQBuDDIESgQOEAgAHAwkACYWLAQkCA4EXgcQDwARFRcHLwgRHA8IAw4ELBgeGxwMLMkDAAArCxUPBQ0dkQErHRUnOR0NDzMAFQgNBysIFQAjBwUHKzdlBSsLFQczDyMDIyNBDTl1iQF1MR0rAAcABwQFACsIIwMlDykDJQ8bBysPFRFBA10EMS5tKCM6DxQVLgUIQSQHUk8EBQoAHEFCHRATGAcQFkoNCAcIMyIjMBUeG0YHGAgIBgMQBEALHhMICQ4vDhceFQYHFgsAABAgJA4ABA4UCKABBhwQIAcSFQQrAzkROQ8dBxAPAAcPHwgJHS4NIA4ADQgADokBDG0AXRW/AgPhAQtXAD8LdQBdC2UHvwIHDwOXAQ+XAQN7FXsLvQEPQQOJAQcbACULIwMxEUEDXQcPBzkAOQ9tAEcLZQMNCwchCCssDyQJAA8cMwgHKwgbAE8ZkQELFQAdFDFCMxAjFmUEpwEgOSYjFGUEowILRwvTARVPEyMXFUEFPSUbFg9CAzoHHg0ONwc5JiMARWVFBicsEQAbFic6EQgLJAAeHw4PFgMkIWYHAAMOIwUZHAceGxYTABkrD0ELFQ8FAw8HAA8xCQADFQ8NeQ4pIzsPGRsLTw8PBxMHAAMPHRsvAA8PETEHBwANBwcADQcHADEIHQwNAA0aKxQNNAYKDQNtELsBA1cgZRNHFCMgByIrACMLDQRJCyMPCegWliuqFwgsGDQUFQQdXAgkLBBQADIXQgAeEDIAFhQkGhY4BxosACYIFAhQHTQELA4WCAAQJAgAECQMCAgsDg4EFiAdAA0MFQzNAgQlFjEMQQBPCxUADR0zBwArVQNJCEcMHQArDxshDQsVDwc5VwsxADkPSQ8NESMHAAMVCwcHFSMVFTkKMQB7FDMEKRQdEDEAJQ8bBCsIDR4PCBUUBRQdFAUSHQgAADENFS8lXQAPIw0ABw0DFScVExsRBwsVC0EHABMrDx4EfAMOEQ4fBQszA+EBC8sBAxMZJRMAFxYLLANYDRYTAA8VGwcLDRkGHwUXDg0eBwALFhMPDyMXDQAjECUgGxwAGhxGBRgjADMHBwspHQ8XG3EzKSsvGxUzBwATIwAVCxUDGzFJAyMHDQQNDAcqABQNBA8uDQhHRAYaFQQNJAhiOSoAHBYYAB4cNBYGIwldBw8DKwsVEw0XACkbVQcfFgMWBwYDLB00HxwPAA0NLwgTBxEbI4MBOQgPFQMjBCsQMwAjCwALFmEAG0IDOhwsHAYUHgAyCywqShQOACQLCAscJRAEQS8HCxsNAAcPEywPCAANCxUDQQsVAA0VBwcNIwBJVwsABw4hAD8kNQUDDQcACBUIACAzQjEYJYABMRRXA08XG0EADw4tCCccJQg7AAMNCwcJHQThARopPisMHQgADBUEXRAHAA0IAAgVEyM9BxMeAxwLEAMWCwYAEAcALUgPQgsWByoAQhAeCAAIJCckAw4hFhMmCBw+LAQOJBAQJABQBxwDbicWBw5NCAcODJoBAFAMXgwkEJoBEDoODgAONCwQJAQ0AywHBgMeAwgPHAs0A3QIMgAmDCoMZgBQDFAIogEWnAIErgEQmAEEdgxAFNIDEqIBCBwQFhwNBA8QBQYNIB0kRxIHCBUUACQADA0iFRQjNiUMGwhlMG0KTwwbFAdiOioAFCwkHiIGFCwgDhoeCCwDBgRYKJIBCAAEDjYHIDkaDQQNGAcEDRQNKgcYCAgOEAcWJAgmDwmdCLgCigEDAAMAAwADAAMAAwADAAMAAAgEAAQABAAEAAQABAAEAAQADwl59yzyAx0lCwAPHg8IFyolFgsWF5oBDzIHWA0kC14fbguEAQccACwYigEAHg8yBDogOguMAQOcAggqCAAIEwgABBUOBwANHDMIORw5AA0IBwANCAcGGxAlCE8QMQhXA20LDQANRTkLFQBPEGUUIxIHHCsUexAbEgcIFQBHByMMUQApBzkYOw8JlAmgG4oBA8YBDDoMAAANCAcADQgHAA0cQSYVAysHAAsbHQ8LFQANFw0PCXeCFlorBgAmLFYOLCAIDBUAHQwbAysTOR8NDw==
1361490530913249,2560,1361811100881192,nature--vegetation,GiR4AgoGbXB5LW9yKIAgEhUYAwgBIg8JjDCoLiIEFgMOGw0ADw8=
1361490530913249,2560,1361811104214525,nature--vegetation,GjV4AgoGbXB5LW9yKIAgEiYYAwgBIiAJljuGKloLSQNPCRUD/QEEHQorCAAQPACgAQyYAQskDw==
1361490530913249,2560,1361811107547858,nature--vegetation,GvgFeAIKBm1weS1vciiAIBLoBRgDCAEi4QUJAADSEoIeABB8HkIADggICCQDfAwsACoTQgcIBEgJHgcOEwAfJBUIBxwLEAc6ACQMDh5gMCwUKgAsCyQDYAssACQTOjEcUQAbGwcVGxUlORsHDxUZAFGMATcyKQgrVjUIJx4ZAAMOCwgDFAcABxYXFjkNFwhFXkUsGzIHJjVsLR4rBgMQCwAVFhsrAA8XKU07AA0HAF2nASENLzkZACcWAw4LAAcWBwAlOgcABx4pQgdWIjQEHAwWVhYMHgAkDzI1LAx8ChYQDgAeDxwdCAsWIxYHFgkAE0ID+gkHMhsWCx4DSBE6AEoLBgssACwLBwcQACQLFgcsGSwLggEPUAewAQyOBwxmCMQBBBwayAIAtgEIOgOaAQhIAGYIQgyqAgS2AQgsAFAMhAEQMgRKCgYEHg1ICxYHABMVFwUPHRkAFw5BCDcyLQgEFhAIGiQELAkGABASDhwAAA4jAA0QHwc5CDcPDCsHAAcVBFUQHQRHAysUtQEEpwEIgQEIJQA/BAcDVws5A0cAewtPADMbewuBAQTDAQkVBjMFTwBPBgUFHQYVCUEAFQoVCE8DmwIImwIRjwMTnwEHnwEHMwNPE3MLlwEVVw+fAQsjABULDwApBw8DKxNHCW0XlwEbVxN7GV0HBx+BARcrAA05Mw8bEU8PHQfDARNPGzMxDRcjCytVmQEJIxsxDzkDOQcPNQALFQxVECUAORcVBCMcMQoAKDkAOwcFE0kLDQAVDRUADRsdCykHBwdlMQcTFQAVCxsxDTc5aysHBgM0DxZFFgcWBwAHFA8QTQATIyEVFysAQQgNACMYKwMrG0EHB0EIIyMFDS8PJQgbHQsADwnsDuoPigILDgs6BwgEOhAkBx4THAc6BDQgHAwVA7sBEBUOABAdDF0I6QEL1QIHGw8GCRULBQ8OE1ADdAgQBEAMLABKBw4AJBg0BDoPCUPeB1oNSBIQByoMLAANEB0AKRBBAzkTAAMWDw==
980922719409500,2560,981202472714858,nature--vegetation,GiJ4AgoGbXB5LW9yKIAgEhMYAwgBIg0JgEDKHRoAJBcTAA8P
980922719409500,2560,981202502714855,nature--vegetation,Gjt4AgoGbXB5LW9yKIAgEiwYAwgBIiYJkj++IHoEQRAxCAcIKy5PCAAIFQwAANQBFwYPJgkAAw4TAAcWDw==
980922719409500,2560,981202522714853,nature--vegetation,GmB4AgoGbXB5LW9yKIAgElEYAwgBIksJvi/ONooCGggoJAQOEAgaFgAWGDIoWAgADh4MBhBCGCwIWAwqBDQPHCcIDxsJACNBFxUHFQcACRUHAAsdBwAAExtBFwcRFROnAQ8=
980922719409500,2560,981202529381519,nature--vegetation,GrsMeAIKBm1weS1vciiAIBKrDBgDCAEipAwJAACaHY4uAAQWEAgOFBgIDB4DLAsUFxARHABYEjoAOhE6AEoWJCAAGBU2XSgPGhMcABwcOh4YABAVIgAgHCYFDCUAGwNXBw0DKwgjCAcIMRxBBCMeMwAN8gwAAA4UABAQFgcgCADgAQ8QAyQHDgeKAQAsEBYUAAD8FS0PJx4HFhcWEQ9ZAAseBwAADgcIBEIcFhoqGAgMFggADBYWXiEkNwAJDQ8AJx4HMgQsDAAcLBAACg4ZCAcyCwALHhcOBRYLDg9KBDofFgdeCywdCBM6A6YBMQgXDQcVIwARJBMACw0jAAANCQcAZQoNBCUNIwOBASYVISMAZQszA7cCbQdFFi8HZxYALA4eABQICAgsFCQoBQQPJiMQByAIHxYPHg8ACxQJNAsWAwcPCAA6EBYDMggQeRwLGwMrA7kCCBYAHgwGDCMATxMHEzkNXQ+nAQS1AQtPA2UDBSMGBw0VABcWAA4bJCEAACkIBwANJzNVFccBDRkVBx0fGyUIBw4HOkkIBysfADFPURVFACcWGzIlFgcWDA4bCA8cABAcMi4eSAAeFggWCAAIFhwcFlAICAAyDyYFMhdQB2YfOjEeCxYnHB06GxYHFgcAAxYdHg8yA24fJB0OAxATBgMOBwAIEBMOBwgNFgsAHyRFFjkACxYjKjW+ARMkBwAAEA8OAxYHBhF2EwcvJCEIIyQHFiUWCyRJAIkBTxEjDwcPGwAPExsHHSUbBx0TGzkzcRUbFREAGxsHFRcNAw8pFQsbDw8PAAceDQgDDmUVFx0DIwcNACsPGy0PqwEIPQ1dAC8PawAHDQ8ACw0pBw8WC0oE6AEcUAOgAQcWA0oEsAIEsAGBAQYXEwVJBxsLqwILMQcHB0cEewcVAzMEqwMIDwQrDBMmFQRBER0LAAcWBwATOSUjACMODwgbABUHDRkHBxYMOgAkABYLFgc6DzQHDhcABQ0HBgOSARaqAgAsDCwEUBAkBEoUBwQ0Jw8TCCUkBwADEAcAAwAHAAslBFUHBwMVBSMHAAsWAA4LNBMGACwUCAQWEwcLLB0sGwYfHi0AFxZxZWOfAU1BJ0ETDQMHAwUHBwUHAwUDByNBBwAbOTUrAwUHByE5BwAHFRcVAwcDBQcdJTk7MQMHBQALHQcAJzkPBQMPCQADDTc5Cx0RBQMPBwAHFRsTDx1NQQcVFQUXHQsAHyMNAB8jFwclI1krBw0jDxUTDwCvAWUzDxkVpwE5MyMZAB8VOQc7GyEAHxUpBysxRSNtZVErBw0hBzcjFQAbFcMBOWEPFQ1lB2EbDwmgPMoM8gEeDyAbEB0ItQEHGxcABw8lAAcQEwYAIzozBCMPBUEHLSQALAgOBjQQDgAkBxADKgweDFgEBgAWDAgDFiAADwnpJ4kIogUZJAM6BwgLMgg0Aw4AQggsAyoQJgwGNhAyByRBBEEmOQAxEBUAFRMHBQ0LBwBHD4MBGCk+FRQlBFUPQQ8dEw0lTwtPCxsLkQELDwcjIStNFhMWA0IIDgQkEB4KSBEQAA8bMRMADxYNAAcWAwcXCAckExYDLBEkBiQIAAwWDDoUCAw5EBYSMxgFJCsIAA4cEAgIFhAOBCQIEAA6CxwnHjUHCxYAJAw0EA4iOg8Jjg2xDLoBBxQEJhQcGgA0IyoHKDk+BQAzBysbQQcpGSUHGxcNBxUTAA0OA1AHHhcyD3wVFg8J2ANYWhM6BFYEEAgACB0AIwgNADsIMQsHBxAPCSiYA6ICCzoAQAwWEhAsABQWEgAYHCAOMgAUDRArBCMEiQETXQ8lBEcYOTIrDAAUIxYPGDEEQQANCxVBBxsNBw1JBgcWGRBxDhM6BKABD3wPCaMOlAlyC0IMLARIDBYeACyRAQwFDCsSHQwABA1lCAcHGQ4PCacF7QNKA1AEFi4cFAUIHQNBCw0DFSkHDwmYFusMigMPFgAOCAYAEAgAGCQQSAMsCBYAbgcWACwEABgVcAcgHQANDA0IHQRHEkEcDRAVDAAIDQ4AEA8MGwgAFEkEXQsxEx0ADQ8PAA0hGx8AVSoHEAA6CBYDJDUIBw4DQgcOLQAbDQ8JtQ/sGlILXgQ0IAAeOQAzDSMDKwA5CwUHOg8=
980922719409500,2560,981202546048184,nature--vegetation,GiR4AgoGbXB5LW9yKIAgEhUYAwgBIg8J4Dr6IyIAHgcGAw0AFQ8=
2555618491413651,2560,2555877451387755,nature--vegetation,GpECeAIKBm1weS1vciiAIBKBAhgDCAEi+gEJlh78NMIHFgAUJRgNCA4mABgWrAE0Aw4LAAsWCQAXOgAeDCQDLB4GHB4kCCIcThAcDloGEAUEDRoPBBUIBQxtHDkeDTQABA4QCA4cCAAYOiQIHhwAEBw6AA4MDhA8EpABHDQUCAQOGBZWJC4IIBQeNAw6ADoHHhkWCxwHAA8eAxwTJgAOJUIPDhcOOQgfB1kINQ1BAHEUbQUdFS8NGRUjBxcVSQUtKxcAAw4HAA8yAyYIDgAWC0ILDgAOCQgDBmkbHx0LFQAjDSMAHQcFC0EATwgzJlUTbQAjFU8ARxZtLDkUQQAVBw1BBiMTFysHAANJDSsEIxoFEBUP
2555618491413651,2560,2555877454721088,nature--vegetation,GiN4AgoGbXB5LW9yKIAgEhQYAwgBIg4Jhh8sIgQrLAAADg8eDw==
2555618491413651,2560,2555877458054421,nature--vegetation,GlV4AgoGbXB5LW9yKIAgEkYYAwgBIkAJzA6AGuIBDA0ADwwNDCsaFQgjFCMsHSoAGBUeACQmGCoQWAMkBwgLMgsWBwAPJkFAFwgpJAcWMwgpMxNBAzkP
2555618491413651,2560,2555877461387754,nature--vegetation,Gi54AgoGbXB5LW9yKIAgEh8YAwgBIhkJ2B/AI0oUDQwVFAYYUABKEyQjCAsPDSkP
2555618491413651,2560,2555877464721087,nature--vegetation,Gjl4AgoGbXB5LW9yKIAgEioYAwgBIiQJINYEeggPIh4gABoOAA4UJggABEAbCBENHxYfAA0yA2UHKw8=
2555618491413651,2560,2555877468054420,nature--vegetation,GjN4AgoGbXB5LW9yKIAgEiQYAwgBIh4J1DXWKloAFTpJQggQHgOKARcWLQAjHR0IBw8AMQ8=
2555618491413651,2560,2555877471387753,nature--vegetation,GjV4AgoGbXB5LW9yKIAgEiYYAwgBIiAJng+cHGIMFRQHGiYQOhBsAzohJgcPEwUDFQcHD5EBDw==
2555618491413651,2560,2555877474721086,nature--vegetation,GiJ4AgoGbXB5LW9yKIAgEhMYAwgBIg0JoAHkCRoICAcODwUP
2555618491413651,2560,2555877478054419,nature--vegetation,GiN4AgoGbXB5LW9yKIAgEhQYAwgBIg4JAOoEIggABCYDDgcADw==
2555618491413651,2560,2555877481387752,nature--vegetation,GjB4AgoGbXB5LW9yKIAgEiEYAwgBIhsJ0B66IVIMAAgjEAcIDgAWCxYIUA8OExsLKw8=
2555618491413651,2560,2555877484721085,nature--vegetation,Gkl4AgoGbXB5LW9yKIAgEjoYAwgBIjQJph+mIrIBCAAIEwAdJggMFQQlICkQAAwOBmYJHCcmFwAAHAcQFQAHDw8ABxADHQcHABUP
2555618491413651,2560,2555877488054418,nature--vegetation,GiZ4AgoGbXB5LW9yKIAgEhcYAwgBIhEJ9B/iIioEAAAGAAgDAAAHDw==
2555618491413651,2560,2555877491387751,nature--vegetation,GiB4AgoGbXB5LW9yKIAgEhEYAwgBIgsJ+BvkPRIIDgcADw==
2555618491413651,2560,2555877494721084,nature--vegetation,GqkPeAIKBm1weS1vciiAIBKZDxgDCAEikg8JAKwH+iYIABAcBEESOQAWCBAUDgxCCyoAUAw0DAAIUAgOCzQAJBAeACoHJggkA0IIDhoAEA4YBRQzBx0AIxMrHxsAFQwNBBUIAAArFCMMSRYbEAAEQTYVCB0UGwQjBwAlSQcAAA0PHQc5GE8yGxwzA3MEDQwVGg88ADIQDBYADiQODhYIABAkFAgMFgBCDA4OMhwsKB4IFjIkECQEFgMOBw0PAAcIAxwHAAseJCQYAAwNAA0WHDgACAcHEwAdCB0ODQANGAcQDhwAMikADwwVBwUHKwRBCxUEIwwNCB0IABorGA0kRxoPBAUDIxEHBxUPBwsVfykTFQsACxVVK1UHFxAhBysOTQUhDjcVAw0hFQcVHx0LQQwNLA0IK/gIAAAOLAAADZ4LAAQyDAgOHggACBYQDjYWIDIEFhAIGBYiAAAGBAUYIwAPDBUIABYjFA0ADgwIRgdJFQwNACMiFQ0VABWmAwADJBMIAxwMCBAkCAAEFhIODCwIAAQQOhYcKhQICAcDGycrCBUUB0IIKCMqLEIGFSMIDSIABA0XFQAPFSsAEwcHABWWHwAA1igLAAsWCzENBgMeBwcHKwsNAA0HAAcrFysVTwNPBxUHnwEHBxdPRWUHVTUVUQBdJEUAIyQXNAk6AEgOHgAcDBYAEEoyDB4IACQ6CAAADhokHIQBEyQZCCNIACwIDgQ0DBwAOg8sGx5NBhMNGQADDjcsHSxRMh8FGx0VMRcNCx0HAClPAysHDQAzCBUATwcNEwdRHg8WLQAXDRs7JSMDFQsNABUPKwtHCxUDIxlJB4EBExYAQgsyBwAHFiEcJwAxOQcxEx0DGwcHAxsNFTczKQgbHAcWALYBF2AEOgOCAS2SAR80IQBRVysNDw4VSAcIBywPHDUmWRUrMzkHRRZ1bkUAZTkXIwcADR0HAB9lAzELKwsNAA8hGw8dDwcDDSUVMwBRLB0NEyM9MxsrCzkjRwkADx0rFTkxDx0ADRMdAxUdEzMHOTM1GycHFxUJFQQpBx0bHRMxBA0AOQcPBF0LFQQzAyMLDQUdExsADQ8dBwALHRMNHTkHAAcVDw01DS8GKRYvNFEkHQA/IykAEw4PHBUICxYTABMVKQcHExcVC0kIOQddFU8DKwcdDxULABMeLQcLECMAKSsbBhMWB0oZJAAOCxYXFQsbGQ8ADQ8HHwATEEkAHRUbMwcxBwcDIxlHBl8JnwELRwcPDwgPHh0WLwAfFQ0GUQATEAcHCysLDQANGTMXFSMICxYHABkyJyQTJjEkLVALLBsyDwgLFjEGGw0DDREHDyMHAAANDxUbew0HK0cADRcrCzkRHRcNTQZRJhMcIwAFDhcQAw5RSAsAEx5zMgsWBwA3Zh0QFxwLABkWAw4PCAMONwgRDidYAyQLLAcIDWYAQA4eACwJDgMyAHYOOggICJwCA7wBBBYICABQCx0HAAMeFRwbDR85CVcPMSckCCwLFgcACw8FMQcdCw0ADTdJDU8ERwMjEl8ATxU5fWZtACENPSwHFhMACw85BQMNFw8bKyUbEyMDXwwrCAAEDTIVICM+IyAHIiM8IyIHKCMEMxMbE1cAIwcNAA8YKQdXBwcDFgsOByYELA0GCyMHRw8VDwAhABcPCxsAKxAjBDMeQQAxDQcDDVkIExZFJC9CHQZlQj1uR0gpDmkFCw4ZAAcVGwgPCboEgw06BxwcABATMgcHDUkGBwAPCZYFwAtiFwYAFgwWFAUAHQYIHAcIHQMTBw8TAA0QDwnKAbUDggRCDhAjHBUgOTobQm0QmQEIGwArByMMOQsjDwcDDQsHAxUtKxdBKQUTJBMOHzoZEAsWAA4nQgcyNVgPMhUkBwADFgsIAxYXJB1mABYjJB9CAA4LEAU6BwYAEAsOKwcHEAQqEBYQAAQNCAAIDhYALDQyADAjJk8QBwgVDAcADQwNCB0PCSeCAzotCAAWFkggBQAPDBUDKQ8J4BanFLIDHw4LFgAOHSwbFg8AEx4AJAwkBEgDCBBIB0JqZk4kVhB6D2QjCAcAEwwdAB0HExkPACMaAAQNGBUkAD4VHBUiABgNABUHBwMbBwcPMzEbRUGVAUdvD00bExYDMhsNAw0VBwcVDwATGw8AAA4QHA8J5R26CTIvDREOByQiFiQVBA0PCakDpQO6AQAGAAgABgAIAAgABgAIAAgABgAIAAgEAAAHAAcABQAHAAcABQAHAAcABQAHAAUPCQOKAeoBAAYACAAIAAYACAAIAAYACAAIAAYACAAGAAgACAQAAAcABwAFAAcABQAHAAcABQAHAAcABQAHAAcABQ8Jtgf4DUITFgAWEBYeBhQVBBUDGwsPDwkYOUIHLAgOJggcFQwVAzEpDQ8cDwneBKMTkgEvDgQOFBAALAsOADIQNBQOGgAUHQQbCAcADQgHEDEAIw8dIw0PCd4QsBeCAQsWACQMCAwyDBAEJBQAChUEQRQbA18hKRMACxQQHhMkDwnIAtsXOgQdByMPFQ0AAxYEFhosDwn5GaYKSgseFBQsEwcVDwcMQR8FDw4QOg8JtBXbCzILLBgAJhUQSRUNI0IPCT7gAyIZAAAkGggEBw8=
2555618491413651,2560,2555877511387749,nature--vegetation,GogDeAIKBm1weS1vciiAIBL4AhgDCAEi8QIJPsA9+gkIKxQjDAAEDxoTajs+BRQ5ACsMFQAjRkkUBRAdCDkMBxIjJCNmIwQPFA0KFQgABA0IACQzQhMqABgULFgmFiQNLiMkBzorFCQqCAwkGAAADQgHEJ8BHisZawQrDA0iDhANAA8UIwxHBq8BCCsAPwwrAEkZKRcVC0EHBwM5CxUHAA0bBwAbQRsHCyMMTxAAEDkEiQEIJRAbSgcuJCQABBAaBxQeEDoQBiYFGBYobABgCyQEFkoGIikADxQjGA0cABocABAQFggkJBYybBAAGhYsCCQcMgUQBggmCxwHkgEHCAcqAKIBCyocNABIDyYXDgcWDQYDHg8cC0IPHjkWK0IADhksEw41WBMOLwgRDh86AA4LFgdQCFAMJAAmDBwAOgseAywxrgE7XgA8HRwALKUKAAANMSsHDQAdDw0HFQAzEBsAHRsbDwnkCpEPegAIAAYACAAIAAYACAAIBAAABwAHAAUABwAHAAUABw8=
187570773201682,2560,187773186514774,nature--vegetation,GjB4AgoGbXB5LW9yKIAgEiEYAwgBIhsJnDXiOlIICAAOCAAAFRArCAgDWAMOEwADFg8=
187570773201682,2560,187773189848107,nature--vegetation,Gk14AgoGbXB5LW9yKIAgEj4YAwgBIjgJ/C/uLcIBAxUYKwgACB0OAAwVIABOOUIFCAYgSghQAzIIDgAWEx4DLBcOcwgPFQgrMwcEMQ8dDw==
187570773201682,2560,187773193181440,nature--vegetation,GkN4AgoGbXB5LW9yKIAgEjQYAwgBIi4JuDXoPpoBCAcAFQgNDAAKDgQeJA4MLAgAEiRXCAMODg4AFiUACCsPFQANCA0P
187570773201682,2560,187773196514773,nature--vegetation,GlV4AgoGbXB5LW9yKIAgEkYYAwgBIkAJwDm+M+IBGggEDiAIEAAeHRQADA4ECAgcDBAEHCJCAA4ICAgkADQHDh0HJ08XFREjBwAbMQcACx0PDQANFQ8P
187570773201682,2560,187773199848106,nature--vegetation,GjJ4AgoGbXB5LW9yKIAgEiMYAwgBIh0JjjeWMloMDSwHEhUkACQWIjoZBRscEwAbGyUGDw==
187570773201682,2560,187773203181439,nature--vegetation,GiR4AgoGbXB5LW9yKIAgEhUYAwgBIg8Juj+6LyIMAAgOBCQTFQ8=
187570773201682,2560,187773206514772,nature--vegetation,GiZ4AgoGbXB5LW9yKIAgEhcYAwgBIhEJhDmAQCoADQwHOAcWEAAODw==
187570773201682,2560,187773209848105,nature--vegetation,Gih4AgoGbXB5LW9yKIAgEhkYAwgBIhMJgED4LjIAbAcAAA0HBwA/CBUP
187570773201682,2560,187773213181438,nature--vegetation,Glt4AgoGbXB5LW9yKIAgEkwYAwgBIkYJxBGSIvIBEB0SVxQjAA0MBwgbFAcSHQxrLAc+JD4AEBAkSAQkAx4SOgA6CQ4EvgEfJJMBNDMASR0HDR0NCx0AKwcNABUP
187570773201682,2560,187773216514771,nature--vegetation,GiJ4AgoGbXB5LW9yKIAgEhMYAwgBIg0JljqEMxoEFgsAAA0P
187570773201682,2560,187773219848104,nature--vegetation,GsoIeAIKBm1weS1vciiAIBK6CBgDCAEiswgJAADKH4BAAACeGAsIByQLAAMNHQYLDSsAOSNZIxMdAx0VKQtfFFUAHSaJAQA5CysZKwdBFhUUAAwbFAcIGxcdCDkLKzUzJ0cADQ8VAx0NFQ9VAHUIKQAzDCMAMxMpBEFJewcAFysfG2cHDw4LJABgBxwXLBMOFSwTEAAOCxYHAAsyHSwLNCNIBywHBh1mA1AidhyYASAeByQAQgskCDI2SiwkHjoIQgCCAQ92AF4ILBQkHAAeFSwAFA4iSgxYD1AVJB8WAA4PFgBCCA4EJAOEASUGGx5BBxcNMQgbFgsUVQgXHgssA0AROgMsECwqJAQQAyQLDi0ATTRhAA8UIxAHDiUIMSUfBRcdCwAhIyMVQQAXDVkIEwYNJDcmFUkfABcWSRYpAC8VCxUZDQMNJxUHDwdzGTELOTtlCQADFRMlEwUXFjUOEwcHFQcAKVUnDzEjMQUbFkUAIw8lMQMjCysPFQAPBwALGxsVESMHAAMNDwcPHQ8FAw8hG0EVCxUHAA8xAFEQMSZBBCsHFQ0FJwYlQgcAGyxBFgMOExATKgcACx4dHiMOAw4hHgsAOTpDJBUeMyQLFgsACQ4LAAcOIw4hHg8eCzoPpgEAjAELLANeEDoIQgS8AQRCDDoAHiIIHA4MHD4sCA4EJgwGBBYICAQOAx4ABgM8CzoAKhMmABwDCAssABwVYBMcDwgTJC0eSRYTFAeEARduERwLNAsWEwYHJAsABwUDFQltBxsHvQEHIwAzD4kBPdkBA4kBGzMLAARdBysDXRFJCw0DRw8lGwADEAcAAEAlFiMAYVgJFgAeCgYAJAkWBiYJJAcGABYrFlkAGQ0LHR8QAw7DAQcAFQ0jBBUDVQ87AF0MKx4VCF0kBx4IDA4YACQeIgcAIxgNCCMHSQcHAxsPFQANCwcNGyclAw0fFQMNGQ0DDw8FCx0PBwMNFQcbMQANDw8POTFPDzkXIxVXHzkTBxkbFwdBOR8IHyQAQhEcAB4LLBckdQclEBsVAw85DScbKUEADxs5CwUdBg8QBxYHAAMcEyQDHi1QHw4PJBEQD1YAJgsqBIwBCxwPCAs6ER4vFCEADxYPACMVGRsXAB8cABAZFhMqIwUdOQAPIz8XTxEdEw0TAAMOBwALLAsOAA4NCAMORSwnCFUjBwcLKwAjDDkIBwAbLUEPSQM/DyUnIxkAEx4DJBM0JRQnGxcrDUEPGwsHMQgbJAA6DDoHbiI6ADoZLAB0CBYEXhoWFCYQBh5KDToPHIEBFq8CGwcGABYHCAcsFxwpBTUGFxALFDEAHyYLABs6CQAbLC8ckwENFw5fAEcOgwETADscAAgWDhUJDQ8AAw0TAACzHSgUIgAQAAMTDCUAIwcbCw8HKwcFD0kRFRsADwmwOcQWSgsWADQMBgAQEA4yAAgdDzkZFQ8JpzmyCRoHAAsWGggP
187570773201682,2560,187773223181437,nature--vegetation,GlV4AgoGbXB5LW9yKIAgEkYYAwgBIkAJ7jjgPuIBCAAiQSAbDDMaDQQNIB0uCCQlGAUQDgYWCAgDSAQyByYZFgscDwgHJAsIAw4RDjcQVQAhDwQrCxUP
187570773201682,2560,187773226514770,nature--vegetation,GrIBeAIKBm1weS1vciiAIBKiARgDCAEimwEJqD28KcoEBwUAFQ8rRQYLHh0eOwclOQNJBxUEKRwlNg0yGyAABA8HBQAPGBUAPwgVHhUkMz4ANhsYIyBtIjkMBwMOBBAUBwQjBwAUDRAlCAAOIyQFALICCwcHQQcAAzQRHBcNAw4LJANKG1Y5CBsjAzMQIwMxPSwADhMkFUIDVhIeGAAYQQgIAA4PJAAWDzoXFgMQHQ4AFhNCDw==
187570773201682,2560,187773229848103,nature--vegetation,GssCeAIKBm1weS1vciiAIBK7AhgDCAEitAIJ7DPULqoJPCsiSQQjA4EBEGUAOzFPBxsXFQ8OMQUPDhsABw0VB08OLVgTABUjAA8PFQNHBDEbOxtlAzkMGwAjAw8VDQRBCysHBQM5Cx0AMQwrPnUwIxoAHCQQPBYcDDoICAgsCAYUSgNICxYPShQyAB4gMh4IKAd8IzAAFg48CEorfAckFToAIBY+Zjg0AAYjCDEsFwgADhQWKgcoCAAGHxYAFhQQDEgWJARCECQELBwyBB4iLJYBDUozHgAwQjIIKDsMAAQNHgAYHhR0GiwwJB4VGAAcHgQcBzoPEE0ADxYLACkkAw4bDkUQNQcLDjMFMRwfABUNTTl1Dx8NZwUXDy8AJR4DDgsICDo1BiMTCx1BBw8WBB4DSA8kFQAXFisQHQAXDw8xA2UHHRkjAxsXKwcADw==
2579773785664044,2560,2580023962305693,nature--terrain,GrQBeAIKBm1weS1vciiAIBKkARgDCAEinQEJzDX6O9oDDhM0FSYrIA0IFRgPBA0aCAgHDB0AExsdDQAHFUYAEA4yCBBYFA8aMU4NHA4YLAQcMgAICBQOKgAgDUoIQh1iJEY0ciwXJAwAFBwUABYVTBYqDVoOAOIBYQg1FYUBHX8IeR2LAT8vAE0cSQBFI48BHRsTMQc/IyUHFxUPCegHACoFAAMAAAgEAAYADwnxBdMBEgcFAA4P
2579773785664044,2560,2580024005639022,nature--vegetation,GswIeAIKBm1weS1vciiAIBK8CBgDCAEitQgJvhgAoh/CJwAAiic9HgsNIwchFQ8dC089cwc5DzEjJSE5BAUDQQcdDxsLAA8VGQcTFRAxAzMIFQcbHxUAKwgVBwAPHR0FrwEGACYMBgweABYLBgcWEB4iHAQsCx4DZggyECYQSBNIKVADqAEHFjsebw4jHCAWOggMFgAOIxYJHg8WBCweMgAOKEIUQhocABAYJAAOHDQIAAQOHhw4EDoHIhUwAJQBVRQANh00MxY/KE8AJQ8bJRUrQSgbNgcQDSIAGCQMAACQChcHCxaHAQ0PCA8cEToHAAMQFwAfHQ0AJyMDDR8VKUE9ORcAEw9BCCsHERALMiM6E2AdOg8OFwARFh8ACyQDOg8mC0ANHgteE0oHBgMeIEg2LAgWKB4mQBgWKhAEDiAcDCYHBhdgAA4QDgckBAgfDikAEw0HBwcNHQ0ADwcAAw0bDRsNTQ4RDSsHMQcPDUUAOxsDDxkNDyMHAC1JE08AawgHaAggHQwADEcQKwqfAQg5CAcMMwAxCysEZQMNGQ0AFQcPAD8TTwtlH3UNewqpAg2RAQfVAggbACULMRe/AgMHB8sBAxUABQMrABUDFQAVAwcAGxFJAykLAAsPOQVpFgsWAA4YBgwWCnwYZgNgBxwLCAkWGxYnBik6CwAPFiUWGwgHDg8AIR4zUBUGBxAjDkUHIwBBHiMVawArIwsdHRUPGzkrHzkAVw9lB5cBBzMHBwA/IB1lBSEVZQ5VFR8dE2UIcwwjMAcIDQ4ABCMdDU0AGw8TOQu1ARExKwcXFgcsAF4JFgAyBywbAAA5BxsLDwcbGQcDBQsPBw0EkQEHTwgHGAAiEwwrBx0TFSUAGxYDCAMABysZDQAPDwgAJAsIAwcHTyU5HxVhAAcOEwAlFhMeAxwHCAssABwHFgCEASxeOjQIFg8WLRYXBgsWBwANFgAOFyQDLD0IA6cBBDkXOTUOCxYDLE0WAxUEtQEWDQgVBCMHJQAxFDMwIyI5DDEYKwgAJkEkHQwTB0EAXwgNABsDDhcAGyMZBwArJkEoGxYjFAAgFQgVADkIMxcxBysEZRdXEHsQFQANGzEpHQANBwALFRsAGSQTACMVFxUlTwcAIzE1BxsIJTkvABEPI0EbAAcWGRAvDwM5JE8EIwsVABULFQANHSMHMxMjFxVRDjEjK10PDXMHLzk1FQsVBwAADQcHAB0MGzo5AA0MFTwlFiMEMQMdITkbDTUAFxYbMhFQHzQPOgBeCAgMLAR0FzoXCAcHESsLRwiZAQ8xADkIHQwNBB0IBQY5FDsLKRUPYQgbMhcAHR4fCAcOJQAfDSkGAxATDhsHAw0PBxUbUTMAIwoAFCMQBwwbAA8HABMrBDkIDUINBCMQJQArDxsPCdQN/AVyEyQALBQQMhUEDxgNBA0UBwoVABsJD0sABRATDg8Jnw23BCInAAMWIA4YFQ8=
2579773785664044,2560,2580024015639021,nature--terrain,GiZ4AgoGbXB5LW9yKIAgEhcYAwgBIhEJyjSAQCoADQwHQgAQCAAODw==
2579773785664044,2560,2580024032305686,nature--terrain,GjR4AgoGbXB5LW9yKIAgEiUYAwgBIh8JpjK8PGJSFSojGAcEDRoAACMMBxgQGDpNMisQTQAP
2579773785664044,2560,2580024035639019,nature--vegetation,GmF4AgoGbXB5LW9yKIAgElIYAwgBIkwJ1C6QMIoCHAUIDzsFGSUAEw4zGDEoFR4lABsLHQkxBCsHDQNBDzMAKRAzAF0MIw4HDB0UEAAWECoAHggODEoOwAIDvgEFQAsWPw4P
2579773785664044,2560,2580024058972350,nature--vegetation,Git4AgoGbXB5LW9yKIAgEhwYAwgBIhYJ7CbaGzoqQQgAECsIAASSAQ8QPSUP
2579773785664044,2560,2580024065639016,nature--vegetation,GiR4AgoGbXB5LW9yKIAgEhUYAwgBIg8JlCycISILGzoAABYLDg8=
2579773785664044,2560,2580024068972349,nature--vegetation,GvcBeAIKBm1weS1vciiAIBLnARgDCAEi4AEJALgJygYgCBINYgAgHFIAGA0SHQNHEU8ATzZzGGUq8wIAkQEVRxcNCxUfDwMNGQgTBwANKgAIFSQVBBX6AQAAWCegARXiAQ9IA2Yr8AEALBnEAQBYGiwILAgGHAAYFhoAIB4kBhIeKBYYLCYAMBwSHhBQAGYPSAAsCBADFAQsDBZSDjQsEiYAQAckERYnFj0IFw0bKxEAExUjDS0AYRw5ADcsCx4RDisIFxQJJgcGD1gbLB0GBwUAFQhHCg8EMQwjACspSQRzDyMfBwcOJQAHEAsAFywAHBkWLx41AA8ODw==
2579773785664044,2560,2580024075639015,nature--vegetation,GiJ4AgoGbXB5LW9yKIAgEhMYAwgBIg0JIAAiEgADMgkIBw0P
1088359414983752,2560,1088585294961164,nature--vegetation,Gk94AgoGbXB5LW9yKIAgEkAYAwgBIjoJlAWGO8IBFA0IHQPZAQcjBwcHVQgdIDQQOh4sAA4MFhQGCB4iHgwyBF4YNCYGOAUYOg8OpQIAB1UP
1088359414983752,2560,1088585298294497,nature--vegetation,Gjh4AgoGbXB5LW9yKIAgEikYAwgBIiMJzh+iJXIaFhAAGCQIACpIBB4hByMjAw0jHREbAA8PDQANDw==
1088359414983752,2560,1088585301627830,nature--vegetation,GjJ4AgoGbXB5LW9yKIAgEiMYAwgBIh0J/AbCOVoGAAAIAAYACAAIAAYFAAAFAAcABwAFDw==
1088359414983752,2560,1088585304961163,nature--vegetation,GsIJeAIKBm1weS1vciiAIBKyCRgDCAEiqwkJAACyItYQAABYHDoSDgAOFCYMKgBKFxwxEB9IIRYTNBcOIQAPDS8ODRwALAoIAA4QCAQOHB4cDjIVKgg0OiIOZg00LBZILBYiAAwjA08IJRQFICQqADQrLkFGGygrFAAKLBwsEDJmJCI6GBYULAQeCAYISgoWCaABGjIcHggsBJgBEFgLWAB8CDIODhgABA0gCCJWCAAQHhQIGCQWVhAmEHwgABodDAAADiRCQh4IFggACCQWBxB7HEEYEBokFAcIDRAAGiMIKyA5Ph0UIxeRARU5DjEYKwQ5CxU1FSNfCDEgHRAjAxsjDwsVAykMKwBJBxUDMRUdSxsJDQArTk8IMwNBFikYFRgzPhsQJQQbIjMAOQcbACsIDzwNEg0UIwQVEA0kBxIdCAADFS0VGzEEHRAVCDHwBgAGwAIM8AEROgMsCx4AFgsWABYLFgMcBwgDHAcIABYhdAAWEzoDLAsWBywHBgMmHWYnUAsGAxYEWAcOEWAPKgAWDyYLSAR8CEIMBgQQEA5GBiomNA4MFhoOGDQkDgoOCDoAdgcqA4oDEKgBCBwYFloIGBUWCAgqEAgEDjoWDBYEYH8AAw8LBRMWbQcpFg8WHBYaAEQcIkIADiQsDAhWByoWDBYMXhRCNlBKQgQOAywMOggAIjoIABAeBCQIDgBmC0IEDgOgAQhKCAgADgwOEDQDBgR0CxYAEBskgwEHGxUXACkeAw4jHhUkIw4jJAcWCQAPNAsOE14LEAcyBwgVDhcAFyMVCAMPBwAPOQsNLQYXGzMNDRYHSAssCw4DHg8cEwAADQ0NCysbBwAFEwYHDQldE0EbDR8lGQUHDx8FGRUDDRMHL10RDz8FORULDwcxCx1RIyUbSQYHFgcAAw4PABMmBwctCAMODwgDJA8WMQcXFgcWMQgnQSENDx0jBx0xFxULAC0jSQ8LKRsPDyMtKxcrAA0LBwMbFSMAFQ85ACUMIwgAHjkIAAwVEEEIRwwVAA0OFUpBMGUMRxQjHh04B2ArLAU2BjwmFiQsJAwWOhYkHh4yJCQ+Flo6FAAeLAgADA0IKwgHFMMBVpcBEF86TwAjBxUITwCDAQ85ABUPIx0IE0gLDQ8AIRZDByExEwYTHm8HJykXAAcOIQYzBS0GJw3BAQgnFnEHPQgXDncNCyMEHQNBEzEAJQgTA0E1XycFHRwHFgcAABAHBgg6HDQAJA8WAyQDhAEnDh0kUSR5CCMWGRULAAcODw0lCDcPHRsLHTMNFRVlDSMVDx0hAAsWNRAvBzkjEwALBgceBwclCCMHJRsXAA8PFxANOhsAEw5BADkjIxwTAB0NHwA9KxsICx4LBiEACw4PACUbEwADDR8dDwARSA8QLwYxFRs5CwUpABscPQAfGxkHnQEILQ8PECkGTRsjIx8PUQANMRsrAB0MKQAzGysHAA8jMSsvCDkyBxYENCQyAB4HDhMABw4EhAEHMgsADRYXAB8bBx0RABskAzQHDhMACwcdORcNDwnAHpoNWg8AAw4gCBAPQgAsFS8pFwclJBMIAA4PCfwGzwxaA4oBBDIIEAhCCgYMBQBJAzkHFQBlCQ0PCQfeAhoHAAAOCAAP
1088359414983752,2560,1088585311627829,nature--vegetation,GqwBeAIKBm1weS1vciiAIBKcARgDCAEilQEJAPIZsgQcDwwbIgAgFjJQAA4YJAQWGBYKFggADB40KjZYFEIEggEmPAxIEDoMDgAQKkgcHggkCHweMg0kACYaZgheEDIICAAOCAgADggIBGYMOiv2AwceRXQLMgdSCxQAEDFQAA4TJAsIAA4VHg8yEyQLCAckFEoDLDk6Hw4LHg8ORSwDDiUVAwcLFRMFGx0hIwsHDw==
190647019664001,2560,190877889640914,nature--terrain,GiB4AgoGbXB5LW9yKIAgEhEYAwgBIgsJxgiAMhIMAAAIDw==
190647019664001,2560,190877892974247,nature--terrain,Gmx4AgoGbXB5LW9yKIAgEl0YAwgBIlcJugz8JrICBA0IB0oNDAYEABQIGAAmAAgHABsMAAANCwcDBwAFEAAEHBAWlAEANg0EzAEIOgR8A1AtAJsBDS8VLUEADSdBAA0hQQcAByMLBw8dAA0TGw8=
190647019664001,2560,190877896307580,nature--terrain,GiR4AgoGbXB5LW9yKIAgEhUYAwgBIg8JxgiAMiITCAMdDAUMAA8=
190647019664001,2560,190877899640913,nature--terrain,GjJ4AgoGbXB5LW9yKIAgEiMYAwgBIh0J7g20JFokIwgAGiwMMhAWBBYAHhMGEx49BwNzDw==
190647019664001,2560,190877902974246,nature--terrain,Gjd4AgoGbXB5LW9yKIAgEigYAwgBIiIJij/UJ2oIJW4jAIQBCwADAAM5Cw8NAAcQAzo3BgATABUP
190647019664001,2560,190877906307579,nature--terrain,GiR4AgoGbXB5LW9yKIAgEhUYAwgBIg8Jmj7qJyI+BwgOADRFBg8=
190647019664001,2560,190877909640912,nature--terrain,Gjh4AgoGbXB5LW9yKIAgEikYAwgBIiMJvjT8JnIEFQgABA0sBg4NFAAEDQwHEBAEFBAWABAHBxMODw==
190647019664001,2560,190877912974245,nature--terrain,GmJ4AgoGbXB5LW9yKIAgElMYAwgBIk0JsBXsKJICCysAawQrECsQBxoWKAgYFh4GGDwAJAwGCAAECAgAAAgOBxAIBA4ILABIA0IAFgMkCxaXAQ0DBwQVEA0AFQsdHw0JGxsrDw==
190647019664001,2560,190877916307578,nature--terrain,Gkh4AgoGbXB5LW9yKIAgEjkYAwgBIjMJghO0JqIBNAYIEB4OYg4YDhA0BJIBDzoXJAMeCw4VABscCx4AHiEUQwAHIwOxAgCBAQ8=
190647019664001,2560,190877919640911,nature--terrain,GoABeAIKBm1weS1vciiAIBJxGAMIASJrCc4T2i6KA1oxDh0AFRAbIB1GGwgPLhUUFToNvAEHFAAUEDYGBAgDLAMIFxQFEA8GDx4HAAccBwAXLBUQBxYbFBtKMSwTLA8OJUgrLAUOMxYLBQMPAGUHDQkACxUXBQ8VJQcPDRMAAwcPFQ8=
190647019664001,2560,190877922974244,nature--terrain,GoICeAIKBm1weS1vciiAIBLyARgDCAEi6wEJnBnWKOIGCBsQBggVA8sBDBsWCAgOGAAYIwAPNgU+JUAWFgUEFhQcIAUQFjYAJBS+ARvMAQgYDkYADA06BxxdGjoVFg8AEA4+BwcVJAgSCBQVBAAMJAwI+gEG6gEkHCYEFBAADhsMBzwFLgYUJAwADh4wCBQPDBYGNAVCBwYAEAMAAwAABysIAwYAqAEHCHMUjQEI7QEHAykAewQAAxUADQsHAAcHCCEAAxYDAAQ6AG4HFHkI/QEHCRsAIwMHBw1JBgMIAAgDAAQWAAYHHhsORQgzACUP9wIAXQ1BABcOMQApFi8FBx0ErQEP
190647019664001,2560,190877926307577,nature--terrain,GpMBeAIKBm1weS1vciiAIBKDARgDCAEifQnOM84vugMeRxgVSiMkI0odCA46CCgkhAE6MmAgHGYsNgcMMRQjIg0UJQgAJE8eDQgNLAZ0K9wBDWojLgAgDTYAGA8+BQDgCEUNNxufAR0RDUMNEQ9pDVEdCw3lAUdHK6cBKy0dOQ1NOWEjHx0lDTM5CwAtKxcHJT8WgwEP
190647019664001,2560,190877929640910,nature--terrain,Gll4AgoGbXB5LW9yKIAgEkoYAwgBIkQJoiLgOfIBCxUDHSc5AysYHQgjCAAADQwVCDkyByAQCAc2FhQkAA4eLCgODBAaABwWBCwMDgAsGyQxDgMOFxZJHkUHDw==
190647019664001,2560,190877932974243,nature--terrain,GvwBeAIKBm1weS1vciiAIBLsARgDCAEi5QEJmC3MJ9IGCBYUBy4WMAAMCBoHSggQDXIHJAcSDY4BCBYPXgUUBwQHAw0xAAsNGhUwDRQGCHYOHBgACA0IXRgODA0iHIYBDkoFFhUELAwWFAAQSQgFAEEQHRYIGA0uACQWBHQD8AEDADEHJwUHACkHJwcDDQAxAw8ABS0GAAgDSA8AHw01DgAQCAYgCAQOBwjHAQ4DAABHAzkDDxMFDQALFgAGAwAEEABsAAiRAQ6LAQcbCACBAQMHAwchAAAFAwYDAAMIAIoBAwBZDoMBAA8jIwcHDSENEwADKwcNAxUABwMVAF0P
190647019664001,2560,190877936307576,nature--terrain,GmJ4AgoGbXB5LW9yKIAgElMYAwgBIk0J/iicKpICAB0KBwwQYgAMBxQjBCsLKwNBGHMODSAOBB0UExoGYgUMBggWKBYOBwgbEA0IBgQNCAAEDgCgARMmAw4DAAQcAGYDEGkODw==
190647019664001,2560,190877939640909,nature--terrain,Gm14AgoGbXB5LW9yKIAgEl4YAwgBIlgJmjOQMLoCCzoMWDBeCAAAEBYkCAAIFhwWBA4QCA4cRDQEDiokCBYMAB4eDQ5RHLcBCGErGxsXMwkAUZEBAA0XKwcAGzEAIwwdEAcMFQANEBsuFRAVMhUP
190647019664001,2560,190877942974242,nature--terrain,GjJ4AgoGbXB5LW9yKIAgEiMYAwgBIh0JwC7QJlIsAPoBCAQkDxUPCAscDwiHAQ1hBgsVDw==
190647019664001,2560,190877946307575,nature--terrain,GqoBeAIKBm1weS1vciiAIBKaARgDCAEikwEJjDjqJ/IDBA8+BQgGHBuYAQAMDxAAChsQDQAPCAUcAGJWXgUaDhwAOgcgEDIACA4AQgAOTQgADwMjAxslBgBYWQgAMwMbEwcPCAMAAwYAHgAsQQAbDgMNAB0EFQANAwcNDR8AAxwALAAsZQgTFgBfBQUABycIAwYAWBcHdxYHGwAHA3MPCewCbSIjAAMQHAYQBQ8=
190647019664001,2560,190877949640908,nature--terrain,GiZ4AgoGbXB5LW9yKIAgEhcYAwgBIhEJgAjkMSoEAAAGAAgDAAAHDw==
190647019664001,2560,190877952974241,nature--terrain,GjV4AgoGbXB5LW9yKIAgEiYYAwgBIiAJ5AuoLGIgBbABKggeDA4AFgsWHxZRCFkdCw0ROQAVDw==
190647019664001,2560,190877956307574,nature--terrain,GnF4AgoGbXB5LW9yKIAgEmIYAwgBIlwJALwrygIMAAwONg4YLC4IEAYEEBwGABAPBgMOFB4aDhQmGA6AAQc4IyY6nAEICBwMEAAUBwALFiEQKwcRCA8PCyMbFRMQGSovHocBHU0xJwhBOi0OCwgHFgsADw==
190647019664001,2560,190877959640907,nature--terrain,GkZ4AgoGbXB5LW9yKIAgEjcYAwgBIjEJ1gieMpoBAA1WByQdDiMYBQwVBDkYD0IAEBCgAQZSFhAOCCwWHgNQgwEGLw2XAgUP
190647019664001,2560,190877962974240,nature--terrain,Gjl4AgoGbXB5LW9yKIAgEioYAwgBIiQJjBGcKmoNMwBzCoMBFDkDTwQVFBsuBxxCBEgELACEAQe8AQ8=
190647019664001,2560,190877966307573,nature--terrain,Gkd4AgoGbXB5LW9yKIAgEjgYAwgBIjIJvAX2K6oBBAAIByIACAcMAAwINg5ySgMcBwgDHgsWDw5BHD0AIyMDKw0VAA0fIwMdDw==
190647019664001,2560,190877969640906,nature--terrain,GrEBeAIKBm1weS1vciiAIBKhARgDCAEimgEJAO4mwgQ+ABQPTg1CCDgWOgcUDRAzFhUAQgMIAEgIFiwADBsIBwM5AIkBBA8yBQwVGA0KDwAVJAAQSiIGCBsEiQEQQRgHGBsqBwwOEAASHgAOHCwADiA0EEgELAMeDgYQJAgABBYXCCUAGw49UEVCBwADFgcOAwgHCAsADxQJAAMIBwADCAMAAwYDCDMeIRwbLCUWVRbzAgYP
190647019664001,2560,190877972974239,nature--vegetation,GvQJeAIKBm1weS1vciiAIBLkCRgDCAEi3QkJ7BIA0haULQAAiidtJAcmAwAABx0IBwAAHAcNPQgDBwMHCwAABQMGEwgHDTEAHw85CBsAGQ1dBmFVGwAHBgAQDw4JHA8ACxCXAQAbHAcFPQYHPz2vFBunBgcxBwc9AAsWA14I3gIEMgBmBCYAbAQ0BP4BBBYAoAEEDgBuBAgOkgQEEAB0BDIAYARIADoEOgB2BCwAZgRQAGYESABIBEIAXgSMAQAOAG4jFS0AFw4VBw8eAEIHBg9KEwALFQMrABUJDQAPDxUDEwMPCwAHBQAHCAAEBwQFBEEHDQcdAwcADQsNAwcDBQMHAwADBw0FPwYItgEICAM6AxYDDgsAEQ03DREsCw4XDQdeBw4XAA0bB3UTBS8OGRY9CCclEwgDAAPdBwArDA0EIxMdBx4EQAkkAEIDSgOuBg8F+QEHOg0TTwAVBw0AHQgNFAAgHAAVDBsuCAgPGAAIDQcdA10LFQcABysIBQgrAEkMDR8HFxNrAA8dEwATHRMACY8BCx0HHgNmAwZBCAQcHgAYEAgHBBYA0gMLFgMyGzQRFgsAAw4jHgMHA7EJAxsDBwkjDwYHHgcWAM4JAwgHAAsIDw4HHA0IJxUHFQsFYQYZBRMUAx4fDQ0OF3QEQgwsAywTJAsIYQALDwOBAQ0NAA8IBQZBBTMLFRMQLwcNHQsAEyMtBTsGCwgNHA8AAxMbJekBI/kBBQsHCyMAbQwbBDMIDQAVBBUEQQO9AQQTByUXDQMVBwcDPyUHE14bHgRCEA4ACBcyBJIBCA4PEBEkBDIAJAsWACYbXjkICw5FABcNywEHvQEcIxM1AA8VHwYTGwMVFQY/FT0mNQYAEBckFwAHDRUHCxwAKQslAA0LFSEABwUbAAMAAAcHCAcAPQBdBwsOFzQlDgAWB6gBFzsdBRcVJwcZFQ8IDywDLABsDCwDAA8NAxULAAwNAJ8BCxUAFQwPALsBIQYDggMHHgANA5EBDzMXDWENHQ0HDzMFBb0BAMMBA9sBALULB9MIAMsBAJsCAOkEAIkDDwnMBqwfsgIErQEHZQsVCwALHhUAAw4LAAcOIwghHAM0BDoPJAQ0A0APAAA0CA4AFggIABYMFgxsDhYADhwIBAgoAA4HBA0DnwEEQQcVCBUQABAdCAAPCZ4LqAHyAQAIBAgDMggeEAAIFQArDjMQGxQHEDkmFQw5CyMRBxMIBw8AKSMPAw1FBwMQBwAHggEJFgNKBDoEFgoGCAUPCYwM4AM6CAcDBQszBDkHBwd2BA4PCf0OqwdyBwhSHCoAEA0IMRwdBDkDBycAFRYXABckIQgHHg8JaMwBEhUHAA4PCeYN6AUaBwAADggADwk2tQEaAAgEAAAHDwmmAxVCA0IIFhAAEB0EKw8xCwYAEA8J5RnxBHoDggEEQgwOAA42ECQdAA0MDQ5lFTsXExMHExwVAAsTDwnKAZwCugEJBgMIBwYLCAcABDkbCAcOABYMABAWAAYHCAsIBwYALBQ0MAASKwwACBUAcxsODwntAoYCGgsAAw4UAA8JngOvBBIHCAgODwkHHDoACAAIAAYEAAAFAAcABw8JHLsBIgMcBIQBCgcAkQEPCaAMuAaCAQOJCgMFAA8DKQcABxwD2gMDBgDaBQUABjIASAgIDBYMFQAHDwn7C7sDGgcAABYMBQ8=
190647019664001,2560,190877976307572,nature--vegetation,Gih4AgoGbXB5LW9yKIAgEhkYAwgBIhMJgBTeLzIUABAOCwALAAMHBwAP
190647019664001,2560,190877979640905,nature--vegetation,GiB4AgoGbXB5LW9yKIAgEhEYAwgBIgsJ/BPWLxIECAMADw==
190647019664001,2560,190877982974238,nature--vegetation,Gq4BeAIKBm1weS1vciiAIBKeARgDCAEilwEJvDWKLroEDAcMGyYOFCMeFQwbDAdeBwgNDA0EFggGCBUeDRAjBAYYBQgjADsaEBgVFCMIORAVGgcMFQAVBAcAFgweGAAMDgZHAEkIFjwNJiwACAscEQgADhYOBBAEMggWA0gDFhBCAB4HJA8OABYVOgokDAgECAcOHQ4jUAcAEyYhDhMkCzI1CGUrHxsxX4MBOScjOQcP
190647019664001,2560,190877986307571,nature--vegetation,GuYEeAIKBm1weS1vciiAIBLWBBgDCAEizwQJAADSEfIRAACoAQM6BIIWBIYCAG4EegiMCwNYA0cbQS0IExwDFgRQEzoJhAEAdA40BwYFNAqYAQgkA24HCE0HLR0TawSJAQdXBE8Dewc5A8sBAEEHGz0HFxUAHREAABMLJQcABywDAAMVDxULMRkrBwAAHQgFBB0DKxcpEwAHFANrAA0YDhgVLgAUDQQVDA8EEAwGCBsGBygNAA0MFQMzDxsLOw8jAysVAAAQAwAjByEjCwATQRMAAxYHFREHByYDFQcAAA4TJAcADyQRECcANSw3BlEAEw4hdhMcAyQUNAgAECQOCEgGIhsQABwrACMQBjoFLiwUAAgcCAAEDQBQBzQbKw8AFRYTDxsQBw4tCAMOMQBhKycjAw8xGxoNBSUKBQQdAxUJAAMbBwcDQQcbDx0HABMrA1UxQQ8zAyMTCDErEyMHIxkdCzEfMwANEwANoAEvBikFEw4PJA8IHRUADQsHJ1c5BQskCCwMFggAHjIkFgweHhwQLAAeJDIADggIB1gQdAgeCgAYMiFKKyQPJB0WIzopCBccFwgPQgOKAQccIQUPSSMAABYJEBcOCxYxBgOBAQ7hCARzAGUEAAMNABUEZQCRAQQ5AIkBBEEApwEEBwApCA8DRwRJDBMLKwBBDGUEAAMdAD8DDwANAwcADQMFAw8hGxMHKwgLDg1eCxAADhcWAyQEQhQkAA4ICAQcEiYEBgQIBAAICAgADA4EMgB8AzoAhAEDvgEAxAEDdABuA6ABD/oJAwgAQBUWDzQTDjkINxVBB00OExA9AA8=
339003247945925,2560,339248044588112,nature--terrain,GiB4AgoGbXB5LW9yKIAgEhEYAwgBIgsJsg/4IhIMAAAGDw==
339003247945925,2560,339248047921445,nature--terrain,Glt4AgoGbXB5LW9yKIAgEkwYAwgBIkYJ9A/wIvIBOg2SAQdwAIIBIzYAFA9WBQgGDAgTAAcONRAPDkkICwYAHhMWEwAZACMzRQUfBhUWRwgZBwc0DBYbDl0HA1UP
339003247945925,2560,339248054588111,nature--terrain,Gix4AgoGbXB5LW9yKIAgEh0YAwgBIhcJiBDULkIgB2wWEAYIHicOTQApBQcVDw==
339003247945925,2560,339248061254777,nature--terrain,GiB4AgoGbXB5LW9yKIAgEhEYAwgBIgsJ6hSGIxIaBwUODw==
339003247945925,2560,339248064588110,nature--terrain,GjR4AgoGbXB5LW9yKIAgEiUYAwgBIh8JoBXEImIUABwWGgAEDQgAIA5BDgMWFwUDBwMHAxsP
339003247945925,2560,339248067921443,nature--terrain,GiB4AgoGbXB5LW9yKIAgEhEYAwgBIgsJnhbaIhIOAAAIDw==
339003247945925,2560,339248071254776,nature--terrain,GnJ4AgoGbXB5LW9yKIAgEmMYAwgBIl0JyiD+KcICYiskABYNLAcEDiIWLAiAAQcQECgAGg5qB3YIOhZOCCgUmAEQEA4rFklCSRYrHF8ejQEOVQCTARVFCBMGBwALCAcADQgDAAsApwEyGzELMzFVACsIJQ8=
339003247945925,2560,339248074588109,nature--terrain,GiB4AgoGbXB5LW9yKIAgEhEYAwgBIgsJkBXEIhIEAAMIDw==
339003247945925,2560,339248077921442,nature--terrain,GiZ4AgoGbXB5LW9yKIAgEhcYAwgBIhEJniveJiobAAANIAAcABQODw==
339003247945925,2560,339248081254775,nature--terrain,GiR4AgoGbXB5LW9yKIAgEhUYAwgBIg8J3hWGIyJIDQMOGwAnBg8=
339003247945925,2560,339248084588108,nature--terrain,GkN4AgoGbXB5LW9yKIAgEjQYAwgBIi4JxB3CJooBEA2EAQcqDnYAjAEeSAAODhQAEA4QJgSgAQcW9wMPGwAhAAsVAxsP
339003247945925,2560,339248087921441,nature--terrain,GuIBeAIKBm1weS1vciiAIBLSARgDCAEiywEJwgfUJ9oFDx0EDUIdLAAqDSQjQg0IQSIPRABkI0gFFiQcBvIBExQHHB0KGwVJCj8QABgcEAAILB4HACMIBQxIEA4MBQgqHgUMHTgV7gEQIgcMDQQdGA0ABgMmBDqoAg7gAQ2sAQZGE0IGGCwDSAs8ADILJAAWDA4ANAQODAgqABwdBBUIAAANDAAAHR9jAIsBFBUUAAwFBg0IDxgAFB4MAAwcNggcFhYsGBZSDgD+AQcQyQEVnQEGTQ3DAgeTAQ1RCGENzwIG5wIbDw==
339003247945925,2560,339248091254774,nature--terrain,GqoBeAIKBm1weS1vciiAIBKaARgDCAEikwEJ8gS+LKIEKg0PFQQNVisgHQgVMhsgHQQNLhUYABQjHgcMFSwNCA0eD04IMA0YFcYBK7wBDjIQCA4DFgQWFBwEFgAkDywEOgcWGQgDFghCAyofShMOAyQhHisAFxwdABcQFyQdFlEIExUbBwwVFAAADXkHKSRhAFU5Kw0JAB8NFysEKwcHAA0pFQMHAAULBoMBCA8=
339003247945925,2560,339248094588107,nature--vegetation,GuYKeAIKBm1weS1vciiAIBLWChgDCAEizwoJlgKWH7IcBLsDDNUCDvsFCCsDBwAxBG0ARwh7A08ghwwIgwEA7wETI/oZAAAOB0IDgAUEjgIDAAQeA7wIBIIDAOYCAwAEXgAkB9YCAKQCCCQE7AlRDRcVFSsbFTUHCxsLABMdFwAHEAUPBjkZBwMWBwgEHgMqExYIiQYIyAIIBggNBCMIAAQPCgAEHgwACA4UAAgNAyMbDgMNFQAAHQcFACUSOQBPDSsAMRY5PB0IDQ6fAQCnAQ05Gw0HDzUAFzQHMgjvBhSlBQhlAJ8BBzEPBwAOBwgADgcAByQHxgED0gMDFR0jDwALHAMIAwYPJgRABAgADgQQAA4ECAQcDBYmAAgNDcwGC9ACAE8DDw8AGzoPCAkWBwAHFgcABxYbHAMmCw4JHANKFxYADhckNQgLHBcWHQAnRxsHERAXKgA8GxwE6gEHAAMOGQAbFQQxD68BCyQHABUsDw4DPA8qBwVVBhMQNQCBASRvAAANHjMsAAtBKAAmDXYADA0qACQVAw0TDwBdDBUiAAgNBFcHKw0VLwULFjkHEwgDDiEHNwgHHCUQGyMbgwEpOScVOQgTBwsWEQAfKwcOAyMIrwYEBQS1AQQAAw8ABQMdACMEAAMHAD8UBxgAJggIDwBlBAUEBwAHBA0EBwgFBBUEBwgbBgcMKwwNAA0QDwQFBAcEBwQFCBUAIwcPRRsHDRMABwcxDQMHNx0HBSkHBwUDFQ8WBCoHLAcIAxwDCAUOAxADBgAIAwgDDgMGAxADBgMQAwYDFgMIAwgDFAMIDzoHCAAcECYAOhgkLgAYDhwADBYIAAQVCgUABgWEBgO+AQDMAQdJFzEnDVEAETIAkgEKQhFmBKICA0oSZggOBwgNXgB0CCQGSgkcGx4TCPEBFBsFFSMEOQNBChUAIxArAB0EBQQPACsEKQAzBA0ADQx1AJEBB2UAgQEHAAMdJQgHFgsOE24PkgELFgMcHQATDgcWAB4TDg0AADQAFgcWCxwEHgQGByYAQAgQBCQHFgsACxYDJAsAExwFNA8cDxADAAAdAwUUlwwHDRcICw4DHgdeA5ADBR4H/gMDBgcjMw0RHQBXExMEKwcAACwLDgNCBCQHFgQOAx4IOgAOBx4A4AEItgEHWFUIEwcRFQMxCk8FvQEADQAjB4sBACsEEwMrBB0HMS8PEykVBwsdDwAlRwsAAzoEkgEIFgssBGwAHgMkADoDLAteAKABAEIHmgGDAQ8bDQBtDD8AKwgVAHMAKwgNBjsFKQYzDBUIZQQFACsIHQRzC20LKxlYJyRFDTkxDwmWA8sBggIHDgwOBBYIAA4bDAAQHBgOCA0DVwwjA08IGwRBAJEBExU3Bw0NGwAPFgAODx4AJAwOACwZCA8cBIQBADIIECIGECYPCYAUkgZqBDIIEBQAEhUADw0NBisFBQcAAw8TAAAWBwgPCUoyGgcIAA4IFg8J1QiNDvoBAA0pOQQABAceAAANGQcHGx8OJwcFCAMHCwgDCAsAAw4YDk4IDxYADgcACxYAFggOBEIMMhQICBUEBQ5XDBUPCZwJ/ghSA6oCBBYMAAwVACMHFQQ/Bw8EZQsVDwkI0wRCB1AAZgQkDB4MpgEI2wIHOwsNDwkIjARqAAgACAAGAAgACAAGBAAABQAHAAcABQAHAAcPCakTmQSCAQPEAQQeCAYMBQAVEB0ORwwHGDEYBwQVABULGxMHRQgHDg8J9gHYB5oBAwADAAMAAwADAAMAAwADAAUAAAYGAAQABAAEAAQABAAEAAQABAAPCdYDgxkyBxYENAgAABUODwMVDwnCAvILGg8AABAQAA8=
339003247945925,2560,339248097921440,nature--vegetation,GiF4AgoGbXB5LW9yKIAgEhIYAwgBIgwJigKmJBIE2QEEfA8=
339003247945925,2560,339248104588106,nature--vegetation,Gih4AgoGbXB5LW9yKIAgEhkYAwgBIhMJ8hnKJjIgZAAeCwAHBwAVBw0P
339003247945925,2560,339248107921439,nature--vegetation,GiJ4AgoGbXB5LW9yKIAgEhMYAwgBIg0JjgLQIRoEAAAyA0IP
339003247945925,2560,339248111254772,nature--vegetation,GiR4AgoGbXB5LW9yKIAgEhUYAwgBIg8J4gj8ISIQOwBCAxYHBQ8=
339003247945925,2560,339248114588105,nature--vegetation,GjJ4AgoGbXB5LW9yKIAgEiMYAwgBIh0JnBmaJVIIFQBdCEkIEwcVCA8EKQSJAwh7D9QGDw==
339003247945925,2560,339248117921438,nature--vegetation,GjB4AgoGbXB5LW9yKIAgEiEYAwgBIhsJ3giiJVIIIwAzADkIFQAeAAYDAARgABwDHg8=
339003247945925,2560,339248121254771,nature--vegetation,GiB4AgoGbXB5LW9yKIAgEhEYAwgBIgsJ6gi4JRIEAAAODw==
339003247945925,2560,339248124588104,nature--vegetation,Gi54AgoGbXB5LW9yKIAgEh8YAwgBIhkJ6gjqJUoDSgQOQgAETwQACBYHQkEOGxUP
339003247945925,2560,339248127921437,nature--vegetation,GiJ4AgoGbXB5LW9yKIAgEhMYAwgBIg0JpBn8JhoASAsNABUP
339003247945925,2560,339248131254770,nature--vegetation,GiB4AgoGbXB5LW9yKIAgEhEYAwgBIgsJ4hmSFBIEAAMODw==
339003247945925,2560,339248134588103,nature--vegetation,GiB4AgoGbXB5LW9yKIAgEhEYAwgBIgsJ/Cb+FhIGXQRQDw==
339003247945925,2560,339248137921436,nature--vegetation,Gu0EeAIKBm1weS1vciiAIBLdBBgDCAEi1gQJwB0AsgXAIgAAuB6JAxaFARYXACUG/QEIfSQxLCcIDQ4bAEUsbQ4tJAsWdTQPFjkcHzRNQDVKAwgDAAMGAwgDAAMGIR4LBwMWBwgTHF1KWZgBAxYHABkkCwAnJj1mAwYHCAMIWUA1WE06QXxVSAsWAx4bKwMrCyMAKxkjtQYjAzoMSGkIGQ0nAA8PfwgrByEVAw0IXQ8NCBUDnwEPJQ8NEwANDUcAiwEddQApDYMBCA8OAw0D8Q0Q/xcDKwcNDwmYDeol2gUDDQsHMQgbFU0ABxUpBgcN6wEIAwAJgQoEOSIAECQ6LBgHEBVSABAbACUPTwNVEysPDQMVBB0QGwArBwcDFQcAFSsHABMjDzkDTw8dORUbCAceCesCALECAx0HBwANBwgPBgcWAL4BB4oBBGADrgEIkgEAvAEDAATEAwD0CVEHAw4HAABCDB5SHAAkCB4oAAYjBBUcHGYQyAEPaB5OABweNg4MDjwIDg8EIykVCBsyDTwlQgUiHT0NlQIGBykAqQYZAAMQDwmtAtwESgcOHDQHJBQkGAgIQQd7JwgPFg8JWgZKA3YMFgwABBUQBwcdBCkLBwANDwkY1wKCAQQFMhUDFQsNAx0LAAkNAA0LACMlDwADqAEILBQAAA0QDw8JywGtAaoBByQkUAgAEB4IHAA8ByQIBgYsEBYUAAQVEzksBwQICEcDZQcdA0EHDWEIDwmaCjOaAQAIAAgABgAIAAYACAAIAAYACAQAAAcABQAHAAcABQAHAAUABwAHDwnPDb0EKgvgAwCGAhwIBKUFC08P
339003247945925,2560,339248144588102,nature--vegetation,GjR4AgoGbXB5LW9yKIAgEiUYAwgBIh8JzCqkJmIEEBQAAAYmBQgAEBwfAAAOHAAbED0HBysP
339003247945925,2560,339248147921435,nature--vegetation,GiZ4AgoGbXB5LW9yKIAgEhcYAwgBIhEJrCm6JioACAMAAwAABwQADw==
339003247945925,2560,339248154588101,nature--vegetation,GjJ4AgoGbXB5LW9yKIAgEiMYAwgBIh0JyhPCH1oAKwgVIgAIEAg6ABYLDgssGRYPHQAxDw==
339003247945925,2560,339248157921434,nature--vegetation,Gkx4AgoGbXB5LW9yKIAgEj0YAwgBIjcJAACqAfYBAAAOBxYHkgEArgEdngcPsgcDQgeeBRvWCUkGHSMGIwgHADEQMwB5ByULBQMPLRUP
4244529965569835,2560,4245609028795262,nature--vegetation,GiN4AgoGbXB5LW9yKIAgEhQYAwgBIg4J+CvAIxoDTwh7AMwBDw==
4244529965569835,2560,4245609032128595,nature--vegetation,GiB4AgoGbXB5LW9yKIAgEhEYAwgBIgsJ+CvIIRIEAAAkDw==
4244529965569835,2560,4245609035461928,nature--vegetation,GjN4AgoGbXB5LW9yKIAgEiQYAwgBIh4Jxj/OJVoSBhAbGA4AvgEPDgM6GRULOgcrAHkIHQ8=
4244529965569835,2560,4245609038795261,nature--vegetation,Gix4AgoGbXB5LW9yKIAgEh0YAwgBIhcJ3jW0K0IADRAPDBYAHgcABxYPBwUbDw==
4244529965569835,2560,4245609042128594,nature--vegetation,GiR4AgoGbXB5LW9yKIAgEhUYAwgBIg8JnjfAIyIIAAQIAxwLAA8=
4244529965569835,2560,4245609045461927,nature--vegetation,GpMDeAIKBm1weS1vciiAIBKDAxgDCAEi/AIJAACaC9wPAAQWFA4YLBSKARokCAAgQgQ0CzoEWBAcMiwEDhgOGCwSYASQARRCCAgADj5mAA4UJggkFAAqI1oHBA0IAAwrHiNyDxQVDGsQIz4AJhwQOghmKEIIJA4QBBwQDgQVGClKFQRfEDkQGzYdFBs2ABwUFiYUdCxQCCQOjgIJDgMkEx4LLANmCBwAOgceEx4AKhxQBHYfDikkAw4fFgMQCwAVHBMICxZRMg8ITQcXEAMkERYLLA8GFyQLACEeAB4HFAAWCBADDh8eFwYFDUscFRYEECcHHxYFFhMkDwgfMhE6CxBdDisdUQgdFgMWDxYADhseFwYVJAsICx4bFgMORRwlJicGDxBFBikbFyU5FQ8THwYTJCEFHw4HDkkADw0lRxMPEyMpDSsH+QEIfx0PDScILQc3CCEcBxYtFicILRwAEBs6DwYPJhMOAA4ZLB8WFwc9DjkTSQ43Ix0rAxUjHTUNEyMpABcWBxYHAA8J7hWhBBIHAAQODw==
4244529965569835,2560,4245609048795260,nature--vegetation,GrsJeAIKBm1weS1vciiAIBKrCRgDCAEipAkJviiWDKIgA9kBB2URMwcFAyMTOwATEzMtAA8eAyQLDgcsEx4NAA8dBzkPHRMAESQHSg86G0IHAAsWDQcTIwMVDw0XBhUeJxwXACk5AA0bMQcAGSUHIwNPE0EAOSpBPDFOwwEiFUQHHhsEDwgAKFUSD1oFJA8qOSANUg4kBRAPDhsIAAQVCAAIFTIAHBwcBSIjPBUMHQZlCA0HDQQd+hQAAMYSBwALFgMGAwgRHgcACxYDHA8IAA4PCCEyHwAPEA8kAxwHCAAOCQgffANCBxQAJhOQAQcWCW4DMgNCAAgDCAAkBxwAigEEqAEIOgA6Em4MtgED6gEM0gEESggcAEoIJANsDywThAEVSAM0A6ABCDoMHDIFBA0MBwArDE8ApwEHTwSRARI5JCMAHhAWACQHBgQmCA4mByAeCFAHQgcGBywXFhEsACQHFgR8GzoELAwWCAAQJB4eACoPFgAQEQ4DJAwWCgAUNA8UJQALED0ACw9tCClYABwTSgMyE1AAHgscABYPOgmEAQckAG4IFgpICA4DJggABA40DXQAFA7LAQgdFCdKA1gRHAtCAFgPZgPSAQcWBMQBDEIANAwkACQEDh4eSgcMBQgdGA4mBQAVITMDGwsPACkQDyIeGCwoBxYOOGZCHiBCMhwAFhAkLhYICBQAAKABhw0ABysPFQArEz8EQUJzACUVIwM5H1cERxAVAA0qHXIIGAcOFQgABBsQHQgABCMcIwQjRjMUNABQGlZaLAweCAAMFggcEA4mABAjABUMGwAdEDEmzwIIDQxHDMsBCw8DGyDpARK3AiThAQBPCCMAgwEfOTEVAxUfQQcABxUhGwcjI0EdHQMFBwADBxcNNCUWIxA5B6cBDyMDGwgrFBUEZRgNLgYMDQAdDBMADxwVJk8MKwAbCB0MDQQjFDMDuwEPZQB1DGUAVQtJAHsEBQgGCDQKDgR8RAgOBwgVFAAIFQe1AQtrA+EBBysHmQEVExsHDyMHBgf0AhEOCwUHXx8QA1YQJAAmKUgXBwcWHxADDwcABE8NIwArDwAHNAsOAA4PEAAcECQLCA8sBwAYHAcmSQAHFQArExUdDj0NDw4LLAAeHw4HDikIMysVIwANFx0DIwcPAIkBCysHBRUADw4TJB9mJQgTFkEdAxUjPwcAABUJDxcFNw4VFSsIGQ8HFgQsCg4ALAwWBB4EOhMkAA4JAANHDyMEIwcVCwADHRcjBzkJDQ5BCAcMKwxPGCsINACKAQg0DgAQHSQABA0iFQRBCA0DQS05DzkLBgAQBwAAFRMdCRsAJQ8AA2sLVyMICxURBwcVBwALG0EGHx4LBwNdEYkBB9UCD5kBB/sFD78CBAADBwNdD08ZB68BCCcWDxwHLBUACw4HQg86BwgPSA05Dw0bQRcVAGURDRssAxwLDhNSKVYPWA8kHRsHHQ8IE1ADpgMPCfQPvgtCBx4UUAgABA0ASQcrCwUDBg8JADEqAAgABgQAAAUABw8JgQPABEoHDgAcCAAMFhYABA0UBwAjFwUPCc4H/QqSAQssACwMKjp8DAgEDQgAHDMIIx4rBCMHOQ8jIR0DDTkGExYAEA8=
4244529965569835,2560,4245609055461926,nature--vegetation,Gih4AgoGbXB5LW9yKIAgEhkYAwgBIhMJxCqyITIkCAQWBwALFhsHACMP
4244529965569835,2560,4245609082128590,nature--vegetation,GiZ4AgoGbXB5LW9yKIAgEhcYAwgBIhEJ8jWqKioQBwgVDAgALB8GDw==
496033878348237,2560,496273731657585,nature--vegetation,GkF4AgoGbXB5LW9yKIAgEjIYAwgBIiwJhAysLZIBLgAMDgQeEAYMLAMeCCQDfC8HEUELDQNXDBUIAAANFwULFQMdDw==
496033878348237,2560,496273738324251,nature--vegetation,GrEBeAIKBm1weS1vciiAIBKhARgDCAEimgEJ9jjQDroEACMLFQwdOgAIDQSJAQQVFCUSAAwWABAUHBBCGiwEFigWFAcWHRBdDBUQBQQPEAUSKzwNKjNKCBgdGAcQGwQdBHsHEwArBCsODRAGFGAQFAA0EDIEJh4yJAcuVQwAHB0ADQwVA08WMygQAJ4FkwFAJwgdFnUkGxY1DgsQPQ4LDi8IKRYfAG8yQwgRBxOBARMzAz8P
496033878348237,2560,496273741657584,nature--vegetation,Gjh4AgoGbXB5LW9yKIAgEikYAwgBIiMJmg7cHnIiIxgHEBUeDSAICA4AMgceFyQ5Dg8WIQgHDQMzDw==
496033878348237,2560,496273754990916,nature--vegetation,GqAIeAIKBm1weS1vciiAIBKQCBgDCAEiiQgJAADKHbQ2AAhCECQALBdCB0gRFgssE4IBcaABIRA3MhkICxYnHAMQMSQLFgBsBxYAHhMsBFYRShcsBwADDjk6BxYHAA8kBwBBdAAQHzIADjk8EyQ1JGEIHxwhOg8IEx4DFAQ8Cw4ALBwkAA4MDgg0Mgg0XgBCFjIAQg06Dw4DFgcIACwUJBJ0Aw4xJhssKSQbMkk0JUATSgAyCwgDDiMADTQGJCw6C1gTLBEGCx4HABcsHxYDDhUACw0LKwBJCxsAORMrGQcDDQsHFwU9BhsVAxUtTws5DxsPBwcVMSs5CIkBDYcBFRcPGwAJECMGFwU9Fo8BFacBBkMbTQdBHiUyBwADDg8IAw5BNHkIFw8VNDskDRYfHBsIERYfBy8IOR0pMQM5Fw0XFB0IBw4PAGE8JwYVFg8AMSQrEA8cAywVCAMPCwAHFg8IEyQLUANeFUoXMgcACxZVECkcGwgfHCFCDw4bABkVDwBZRz0HBxUnExsrKQYLDQ8ADx4RBgseBwADFh8WIQAvHSU5Ew0LSQA5E09VZT0NBw4HNABIFR4HHAcAI08PcxE5B1cfTwsAExVBBw8NMQ4PDQsbJRYPFRMHAA4LFgcADQULHQ8HCysfCBUkIxYPHhNeFagBBJQCGm4MDgMkCB4AMgwWHAUMBgQQEgAIDxwAGBASDgwcEAAIHhgsDAYEHgoNABUQBwQkJAAUFgAeDxYTBgsTCwAHDgc6AHQNsAEHDgAWDxwHAAcWHx4AFgwWCAAMHAN8BwATNBkOAxwIPAgGBB4KIxgVJAYQDQ4kCEoAvAEQQgz4AQwyGCYADgsWBwAHFQ8NIwAhDpUCBgsQA7YBAzIHFgjqAQPSAQhCBJoEDFgHNAC8AQzGARBWACYIFBB8CggMMggAABAQDggWGA4AFhYkEAgIFhwILiQDXhQkEAgADgsIEywADvsIAAQdCAUAHRZVCFEscxaJARhPEJEBCJcBCCsEjQI2+QIQ9wEAZRSnAQSTAgMrBw0QOQ7vAQ0VBwAPHAMeDxYDHA8WAx4NDgAWBwAHnwEbDQQrGDMDFRsFE0kRAA8VJw0HKwsVGQUADwsVAzEUIyIHCBUoFRAjKg0MDSoHODMuBQwdACMPHTUNCwgLLB0VNxwlBQglADELHSMAAxshHQMNQxUZMQtPK0EtBycVETEASQgNDg0oDy4pFAAkFQQPIhUEDT4NGEEQCDZeCAAIFiAeHg40ABgVHjkQDQQdAKcBBzkDexdlKQAPEDVeGxwXCCU6DwgLHBcWQSYlABMVWR0DDRsHQSsTKwANCxUJAC9dJQcPORcNDwnOC/ILMgcWABwSHhQABDkPHQ8JjgKXGyoHDgQkFAAQGwsdDwkggQEiHwYQHhAGCiMP
496033878348237,2560,496273758324249,nature--vegetation,GukBeAIKBm1weS1vciiAIBLZARgDCAEi0gEJjDjSPKIGBDEqORRPLFcADRorCCNCQUQOGhUUIxBPFA0EDxYFCB0PG00OAxUEBwwABA0UDRwACg8JMR8rRQcHDRMHA08YMQQrCA0QAA4cHB4gCAQqEjwQHBQAIDoWABgrA08EBRQPYgAIIzcNAw0ZDwMNDDEaMwArDDkMFQgABBsYMwANFg0EDywFEAYaLCwIDAYKACwmCBY6DgwICBQcBQQOGgAUDQDmDM8GAAANDBUIAAgdAyMPBxMbFw0VKwMHCysUFQMjExsHHTkVAw0LBw8=
496033878348237,2560,496273768324248,nature--vegetation,Gj94AgoGbXB5LW9yKIAgEjAYAwgBIioJuhfYK4oBDA0MMxojJAAQECYAEA8cFho0BDolMhdgDxxNACVdHw0AMw8=
496033878348237,2560,496273798324245,nature--vegetation,Gj94AgoGbXB5LW9yKIAgEjAYAwgBIioJkhb0KIoBAA0QDwANGiswI0IkQjoXJARKCRwPEC8HGQgnFRcdAzEHDw8=
496033878348237,2560,496273804990911,nature--vegetation,GkV4AgoGbXB5LW9yKIAgEjYYAwgBIjAJ7Cv2HaIBAA0gHRAAEh4QAAAOFB4IOgcsA2YHAAsWHQADFQcHBzkAQQcAGzEDJQ8=
138479258294681,2560,138677188274888,nature--vegetation,GiZ4AgoGbXB5LW9yKIAgEhcYAwgBIhEJhDH0JioACAUOBwAAFQgFDw==
138479258294681,2560,138677191608221,nature--vegetation,GqcBeAIKBm1weS1vciiAIBKXARgDCAEikAEJ/iXeKJoECxUADRAVDx0DIwwVEAcEDRAHBA0eBRglEAVWLFoPJhtWHUoOJB4cBxoICA0HFSANPgAcKxwAGiwoFCIbEAAQFRwHIiMkABQkGhA0AC4kNAYaBQQNCAAEFRgHEBUWABhYDAAMFhAGAxAfABMO3QEcaSyfAQhpFmEALQ5tCDEWPQZPACEWOQhDBw8=
138479258294681,2560,138677194941554,nature--vegetation,Gmx4AgoGbXB5LW9yKIAgEl0YAwgBIlcJkjuGDroCDBUUDSZBDAAMFhwIBBwMEBIyJAgQOiIHGBYEJBAQDKYBDBYSUAUIBjoJNA8OGwAXFjEzGw0pRwcAEyMLOw8bDQAXMwcADzEHBwtBBBsDRw8=
138479258294681,2560,138677198274887,nature--vegetation,Gll4AgoGbXB5LW9yKIAgEkoYAwgBIkQJti+MEvIBAA4ADhMWABAXKk0FBwYdFTMIGRUXKwANBwcAOQ8jBwAAGwglDBUQBQgVZgcSHhAGCBYQCAQOGAgiOggsDw==
138479258294681,2560,138677201608220,nature--vegetation,GiR4AgoGbXB5LW9yKIAgEhUYAwgBIg8JqiOeHSIIAAQQAw4XBw8=
138479258294681,2560,138677238274883,nature--vegetation,GlZ4AgoGbXB5LW9yKIAgEkcYAwgBIkEJkiO6FdoBEB0gHRAAIh4sCBYcKBAUJCqCAQSoAQs0NVZFHg8OBxYLAAMOIQAPDRM5C3MMgwEQOQAzCykbMwMNDw==
138479258294681,2560,138677241608216,nature--vegetation,GkB4AgoGbXB5LW9yKIAgEjEYAwgBIisJojPCJooBBA0HBwAzFEccKyIFCAYILBQeFFYWFgMkEQALEJEBByEHAA0P
138479258294681,2560,138677258274881,nature--vegetation,GiZ4AgoGbXB5LW9yKIAgEhcYAwgBIhEJ2iGsISoIAAQqBxYNBQclDw==
138479258294681,2560,138677261608214,nature--vegetation,Gid4AgoGbXB5LW9yKIAgEhgYAwgBIhIJgEDaDyoA2gEHAAdHBFcDMQ8=
138479258294681,2560,138677274941546,nature--vegetation,Gjt4AgoGbXB5LW9yKIAgEiwYAwgBIiYJlj+CInIMDQANCAAQJAwIBBQEgAIOHAMeDQcLEBcHB5EBD4EBDw==
138479258294681,2560,138677288274878,nature--vegetation,GogFeAIKBm1weS1vciiAIBL4BBgDCAEi8QQJANYOwhIMAAwVAA0eOQgjBDMLFQANCBsAKxw5AEEUFQMjDEkAMQc5CCUODQQbAwAMHSlHAB0MKwcFC08IJR4FFCU8Hi4ACB4iMgRmFB4QABgkAA4QCA4yNAgUIwcrCB0iEBQHHAgODgQkDBYEHiQkECsAFQcHABsHFQAjMh0QFQAjCx0EFVYNBFcPMQsNNQ8xIwdBN081BQMNCwcDFSUNEyULTwcAAw0bDREGFxsDMwgTACUHIwQrAxUEFRQbFgAYFQQV4jwAAMgOBwATLASCAQt2CQATMwOXAQcVCwcHJANmDxYZAAceBwADFhMkFw0JDgAWDxwTBQN7CA0AORsdAB0HDQNlAyMJDQfTAQsVE4kBF0cVBgAWCyQzABEQIwAPFQMdFxWLAQBhHp8BBlUWWQBRHlEALQ6nAQ4PED0GTyaLAQZBFiMAPR5pBkUWBwADDQ8AAx5JHDkNVQYXCAcOQQiHASzTARazATK9AR5VHDMARRZlCD0W4QEAWRafAQ4fDkUAiQEsaxAfFCMIGRaVASw1ALMBJO0BDgsQNQYPEFEAXRRBBTMGHRMnBhkbJwAHDxcADRYjCAMWFxYPAB0VGwAhBgcQHwYbFhkAFxYTADEeywIsGxaTATovXhUAAw0fHQsAAw4XFhUxC10AmwIHJQA5F1UXB3c6twEeD0ELFQcAETkbMxMNBx0RBQsVLxUHDSUAD08HZQcAAw8TAA0QJwcUMQcrFysHAAANCw8ADR05FxUPHgAUDywRWBcsAA4cLA8yBCweLDgOIhYIFhAIKDouCCRIAzQEUAcOBBx9NK8CHBsQpwEWTRw9DS8OQQUP
1006260623478758,2560,1006530433451777,nature--vegetation,GjZ4AgoGbXB5LW9yKIAgEicYAwgBIiEJqBWAQGoADTodGQ0DFToNDCUMAAwQAA4mFgssJA4EFg8=
1006260623478758,2560,1006530486785105,nature--vegetation,GuwHeAIKBm1weS1vciiAIBLcBxgDCAEi1QcJ+AIAwhzoKwADMhMeACQMFgBCC0ghFhMADyQxHhs0C1ATJAsAHRwLShAkACwHHAsQAxwXLAN0BwUABwMHCWULBQMPGwgDdAw8BIIBCDQPMgcIAA4LDgdKDSoHCAtQBwgTSAcQFwAFDwsFDw4TdAB0EywVCAMOCwgHJAMsBDIHJgsUKQATEAcOC24XMhUOMw0PQhEcBywPHg9ICxYlCB8VbQAxIwMPFxVNBQsNOQ4THD0mAHwHJABAOpoBBFARSBMWB1gXLAiYAQcQFwAtKyMjAw9BKzUmFyQhAEdJHQ0fAAsORQgjFhUkJ5IBFx4RABcdFwAdHhMAJzMRAA8kFwAPEAtAAEIMbhOgAQDwARB8A/gBDNIBBKwCA2QMvgEEzAEMhAEEmAEUZgZYBbYBDowCHKgBCMYBDComJikWBw4DMggsCDoQJBIQGAAkJAQOCAASHnIHKCQOABAWGAAEDRwHDg0gABwNFiMEJRQxCAAEDS4AGA4UHCAQFgcQFToAJA4gLDIIKCwWBhAeCDoTFiEOGwUTHTUVDwATFiUHAyYLFgMcDCwHDhcFBw4QHggkBw4TCANAKBAEggEMLAAkDyQALCYeGABCMzAFFAYAQhs0CEgXHhcGJQUDDhMOAA4PCAcOABAMDgMsGA4DFuUMAAANLA9eAAwFAyMaFQAPFQ0DDScHFxUHGwgHAzEQkQEYXwA/DDMiDQgNB08QQRAVCB0EMQcHFBsQAAoPHA0QHToFDA0UDhgAFh0ERwwdAHMMIwwVBB0DPwRPC6EBBxsMvQEAvwIHIwBPCE8IKwC1AwvvAQfjBAfDAQcxB4UCBMsDB8sBEUcAIw9fExsjBx0VMw09ABsVOQApLCMAIx2LAQgtMgcmCw4HJA8eKRwfOnkjGSMHAAcVBwAHFS0jIzMXDR0rHwAXFgceDQ4DHhMkGwAPDQkVBwALHScdMQAHEBMGDx4lCDNBKQcfFSUAIyMpFQsVLxUlKw8ANWUPDRdXABMPHQcAHTkbABcsLRwPHi0OBw4nABMbETMDMQcNE20HDRMACxUJAAMVN20PAA0eEw43WBkOIwcpIy8VQXMDywELQQ8bOSNNDhsVAA0HBwkxAKEBCjEAew1tAF0PK0E5EyMDFQAdCAUADwgADhsQBxAbGA8EDTINDA0kABoVHAcQHRBVFkEkIwQHKgAUDhgACAUEFQAjBwcHKx8jACsPDQUjDwcHFgsAAxUHAAsIAw4VDgsAFysPMRORAQA5EUEAKwcNBCsDBTcHbxZJFQ8Jlh+UO1IHHgAkCAgADiIkIAAQGwA5Iw8PGw8=
1006260623478758,2560,1006530493451771,nature--vegetation,GiR4AgoGbXB5LW9yKIAgEhUYAwgBIg8JnAHsNCI4MUoOCBZVFg8=
923949108183466,2560,924165418161835,nature--terrain,GiJ4AgoGbXB5LW9yKIAgEhMYAwgBIg0JtiC4NhocCAAIEwAP
923949108183466,2560,924165421495168,nature--terrain,GjJ4AgoGbXB5LW9yKIAgEiMYAwgBIh0J/gzGP1oGFQkdEg00DggQCw4EDiYQAw4tDisNDw==
923949108183466,2560,924165424828501,nature--terrain,GiZ4AgoGbXB5LW9yKIAgEhcYAwgBIhEJ2gXcMyoIDgMOEQgLBwMbDw==
923949108183466,2560,924165428161834,nature--terrain,GiB4AgoGbXB5LW9yKIAgEhEYAwgBIgsJ8D/cMRIECAMADw==
923949108183466,2560,924165431495167,nature--terrain,Gp0BeAIKBm1weS1vciiAIBKNARgDCAEihgEJnhvqOPoDEw1jABsVDwAbHTENHyMHKxEjACMaMwBPCCMAVwgxKDMQMRINJAcIDU4HOg4IED4kKAYIEB4OVgAcHSAIFAceORAFACoMQggAHiwQCAQOHA4mABAQHAAIDiIIDDIcQk0dQQVdAD8OUSQVHlFAEywDHgsGBx4hHgMUBwAHFhMQDw==
923949108183466,2560,924165434828500,nature--terrain,GpkBeAIKBm1weS1vciiAIBKJARgDCAEiggEJrhSAQOoDETEiDxQxEAcuXQQdKBUIDTYADB0QBRoGHAUMDQMdBAcYDRIABA4IAAQWEBYsDhpCABYYLAwAJjJWFhgWJAAIEGAGEBAADjUOCwgADiUAAA0bAAAOYQAADQcHXQcTGx0AExUnBw0VJxslAAMWCxYHAAscHx4pDgcIAA4P
923949108183466,2560,924165438161833,nature--terrain,Gk14AgoGbXB5LW9yKIAgEj4YAwgBIjgJmBCAQLoBAA0LB4kBAC0NAw0UAAwP/gEACBAiACAdRgcMEC4GEBADDgsGbxAvFSEACw4nCAAODw==
923949108183466,2560,924165441495166,nature--terrain,Gt4BeAIKBm1weS1vciiAIBLOARgDCAEixwEJAI400gUcCAgPFgUQIwwANgdSBzAVDBUDRzMHGRUbAAATMhU4AAgGCAgKHCQFBAYTJgsHCwgJLAAOCgYMBQAdDBUIHgAyEBBSBioVcgBWBQgGCBYIAAAQCw4AJF0IXQcXDikAHxYDFgcIJQ4HHhQcHggUFlocDBAIMjoWEBYYCAQOGg4DJCUAHxBNBgdQAxYDHggWBw4hCA8WRRwDFhMeFwYLFRkADxYMFhceCw5hB1FHBxUZFgcjCwcPCWqJARoPAAAsFAcP
923949108183466,2560,924165444828499,nature--terrain,Gs4BeAIKBm1weS1vciiAIBK+ARgDCAEitwEJkgaoOroFQgcgCBYNGAAkHT4IPh0MFRQFIjsYBQgNJA8MEBIdEAAYFh4HHCQEJhAGDBUQABY8EAAPDgMkBw4MHgRQHBwHJgcGABYYDgQeCAgAJBAcMiYEFgwODFAOFhAGCB4dB0cIFQcHDSMAiwE0GwcLDRkAGx0vDhEVIwADDRcVEQAHDRsHCw0lAAsOSQUDDwgTAB0KDQAVCQcAMRczEwAlIwAdBwUADxITACUQGw8HDRULAA8=
923949108183466,2560,924165448161832,nature--vegetation,GiF4AgoGbXB5LW9yKIAgEhIYAwgBIgwJavY3GgQkEwgAKw8=
923949108183466,2560,924165451495165,nature--vegetation,GuYJeAIKBm1weS1vciiAIBLWCRgDCAEizwkJAAC6IoBAAAD2AwcAAx4PFgsAMTJFJBcWAxA9KgcWDwghMk0WFxYbCDkINwdNHmMAGxUAJRQ5ABsOMzxrFEEAORMrQRUnCDEPcSwjCDUHDwUdMzMHGxsNACssQQc1HXUAOR4DDhsWLWAHQBtYBCwUHCYIYjkwACIkFEIEbhAGXgVWKiJCADQPHDEOPTQfMgc8DBZKACQOIjIEOgseKSQLABMeLQYPHgwWCAAWJAQWAEgZLHEQHxRNDRUNdQdBJDtuBCwYABAOjAEOdiwYABYQECQMACAcECwXJAM8ExxVADEOTTwDJBIkAEgJHhsOCxYPNAQcDw5RFuEBFlUeOQBNFoUBBpsBHj0eG0APCCUVMwdJKS0ANw5FADEWWQYnEJsBBk0ecQ4xFt8CLNUBLD8AcxxHAE0WHRYADgsQAywbMg8OKQgLHg8ABxQHAAUIBhYgBxw8CAAeMhAIGCoEHh4sEEgDEAR0DCwLggElSgBQCEADSidsEwAhFgBKCyQExAEcQhoWQggsHAxCCzpBFhcsAxYEXggWA0IIHBQWThAaDggcEB4IAAAOFB4EHBYeAA4IABAeBBwICAQOA3wMHgscFwAVEAcOACQHCAAOHxYDLAgOAEIMLAAsNiosCAAOEBYAHggOJggUFhwGBhAUDgMkDxYFQisyCzoHCAssEQ4/BzEWRUIPNA8GHToTCB8HGx5VAB0NBw8nBT0jBw85DU0IBw4jCBEODzInNAcyAFgHJABQGTQAJBIkCCwgJDIOHB4QABwWZAAUDgAWDB4UAAAsCwAHDxM6AB4LFgAOLR4DSAgOABY2UAAQHDIUQiIeAxwRFg8yBwAHFg8QCwApJAscJxYLLF8FBw8jABcVVRUlMQsAFysAFRlBKw0PFQMVBwADDREAFw4DCAQeCw4bBhkFDwYLHjUABw4nFgMeLV4PCBMyIRASMusDAAANKAcMDSIAMBZwDwwFBA0PDy0FCw9FCB8eIQAHD/0BAAsQEwAEDi4OigEADAgADt8CAAMVLg0EDSUPAw0MDQcPMw0HIxUHFxUDDQsABx0PBQ0VC08LDQMVDAcAKwsbABUPHQsAFRUbDhcNABUIBQglGxsDTwsdCA0EIxANDwAVOw8ACxYPBQMlGyMdCBcVDwARHgsPIxAHDhcGITwTBgsWPR49ByMeFwAVDh8HQQgnDQMdNRUDDRMHHRsfABMOewcvEAsHBx0hDQQVRhsQFSIHCA0QADAOFhYsDggQLgAcFRAARkkLGysdESMPDRsPXQUgDyYABCMZDQMNFwcPFTkVBzELD1kbExUdBxMbCB0mDQgHBBUgFSoAGA1eCF4HACMMDQAPBwAHFQcFVQYPDSkHNxYpFlEFDw8AMQcdAAUUJQMFIwYJGxYADBUIpwEkIwgVDgAQHgQcCAAMQRAbCAAaOQcdCCsYFQBlI2MFOxcxAB0bGwcdEw41DQsWCzkAcwcjER0TCCsHIQ4LNAcGCKABD1ITHAAOJSxhCA8JnAX8BSIxAFYIAysTCA8JVkE6WQALDhQWJAcWEBQACBUPCa8CsAYiDwYDDioIGA0PCdodwSYqERYEJAgIEgcDMQ8J+A7ZA0ILDgAOCAhyByIIDA0DHTUNDwnhK/4kKh0ABBwMCBIHBA0P
923949108183466,2560,924165454828498,nature--vegetation,GiB4AgoGbXB5LW9yKIAgEhEYAwgBIgsJ5AOEOBIEFQAWDw==
923949108183466,2560,924165458161831,nature--water,GoYBeAIKBm1weS1vciiAIBJ3GAMIASJxCZ4b6jiiAwwbFA8IFQgABBMiHQgdDAUEBgNmGAgaOnoWBA4IAAgeFg5yCAgIBEgMMggAGiwALBkeDzoAFg8sYSoLFiEWpwEIHwcPECEdE0EbMQAPNU8AFQcNBEcuHQANDBUAHRQ5CBAMAAArEwALHQ8=
923949108183466,2560,924165461495164,nature--water,Gq8BeAIKBm1weS1vciiAIBKfARgDCAEimAEJzCrUOMIEACMMBwQNDAAHXRgNHgAEFQcVEA8kBQwdHg0IDToPDBAgBgwNCA0SAAQOGAAEDTAHBg0MB3YFGAAIDyYAEB4AHAssDBYgDjI0BCQHNAgOBCQMCARCCxQLABseAw4HAA0sLyQTJgAOFQAXFgsHBxUTBUUGHRUbACcFVRUDBxUNLwAZFScIIwcRDQcdACMIHQ8ADw==
923949108183466,2560,924165464828497,nature--water,GkN4AgoGbXB5LW9yKIAgEjQYAwgBIi4J4B+oNZoBFB0gBx4VegUcJCoILCQeAAwWAA5OCF0OISRFHn0OGwcpFQMFG0EP
923949108183466,2560,924165468161830,nature--water,Gih4AgoGbXB5LW9yKIAgEhkYAwgBIhMJ4jjwKTIzFQUPJhs6DQwWBxwP
923949108183466,2560,924165471495163,nature--water,GkN4AgoGbXB5LW9yKIAgEjQYAwgBIi4JsjCWMpoBEBAkFSIODA1KDgAkEQgTBwseFwADDwcACTQjDg8VBxsZBw8VAyMP
923949108183466,2560,924165474828496,nature--water,GiZ4AgoGbXB5LW9yKIAgEhcYAwgBIhEJtAL8OSoACAMAAwAABwQADw==
923949108183466,2560,924165478161829,nature--water,GiZ4AgoGbXB5LW9yKIAgEhcYAwgBIhEJjgLQOSoLFRAVGgAMFgcQDw==
923949108183466,2560,924165481495162,nature--water,GiB4AgoGbXB5LW9yKIAgEhEYAwgBIgsJ6gH8ORIMDQAODw==
252454156641452,2560,252700029950198,nature--vegetation,GjZ4AgoGbXB5LW9yKIAgEicYAwgBIiEJviCGHGoUFRAHIgUYHAQmBxwALAgOFx4lACcdBxsAQQ8=
252454156641452,2560,252700036616864,nature--vegetation,GjZ4AgoGbXB5LW9yKIAgEicYAwgBIiEJ9C7INGJOBRocABYJQgscBJoBHxwXACEbBzMD2QEIAA8=
252454156641452,2560,252700043283530,nature--vegetation,GqkBeAIKBm1weS1vciiAIBKZARgDCAEikgEJ6iGuG6IEBJ8BEBscBx4dagAgGyIAABYMFgNQBCQHJAwIDBwMLAiEARQkGggIDiQHDBsDZRIPEBYcCC4ydiYIJBAcAywENAsWUQAvFnttIywxHBMmAyQTAAcVEQ0rBwMNCwARDwcVBwALPwcHBysPGxkGAB4SMhUQRwcVIwcAByMMFQgAAx0QFQAjDhUIAAMxDw==
252454156641452,2560,252700046616863,nature--vegetation,GiZ4AgoGbXB5LW9yKIAgEhcYAwgBIhEJtD2OAiogBxIkESwXAA8bDw==
252454156641452,2560,252700049950196,nature--vegetation,GiJ4AgoGbXB5LW9yKIAgEhMYAwgBIg0JsiTmGBoDEBEAAA8P
252454156641452,2560,252700056616862,nature--vegetation,Gq4CeAIKBm1weS1vciiAIBKeAhgDCAEilwIJjjYA8geSBwAAFgcOABYTUA0IBxYvJFUNBxwAJDRgA6gBDBQWCAQOIBYUCC4HWisQEwwAIh1EHRIjKCMEDRAHFggMBwANCAcUAACMEgsAAyMHBwMjBw0AFQkPFwUTQQPTAQhPjwEbDw8HEwcAEyUADQcADRtDBzkOQQAbFi0ADwcDDR8bURULFQAVIQAHHAsAFzEhFRsxF20RHScjFwcPNAkADx47Bg0FFzsLXQcNC3MZBwsOHwgfLCUGIzEDFQkAB0EeORwVACMxOQ9BGysHRwQVHB1SCB4dBA0IABgrBBUEnwEHKxMVIR4jAF0zFzEJQSsrCzEDTwwjMCUaMRANVg8UKQAPDA0PCUbiCCIHBgQWCAAIFQ8=
252454156641452,2560,252700063283528,nature--vegetation,GowJeAIKBm1weS1vciiAIBL8CBgDCAEi9QgJAADyH7gVAAAODAgADh46BCYASBksGxYALBBWJiRKABwWGDwYoAEaJBgANiswDQwVADMfcwxHEB0+KwQNIB0KFRAFECMEVzodIDkgDQYV8g8AAA4iEBQqACwHCAQOLB4WLCwOIhwYLAwsLkpMJBo6ACQHFiUeAA4LDg86DwgVHBuEAQ8kDw6DAQgfFRcrIQBBOjsIVSwdHgcUBwAHFgcAA0IcDgQQbCyCAQYEDi4sGAggJAwAKiRaJhAcC6gBFywtLAccCxYPCBMsNSotCB80BwALHAcAFSQDShdIAywHCAMkECROLBwAKjkADxAVBBsIBwQbDA8IIw4NAA0gKxwAJhYQHAg0A0gjdABKCBwHPDlIB0gLJh0cJxYPHgAOERYHJCNCCzIPFgAeJRZtBlkWOR5RDhsWUR4hHG0ABwgAHAwIBA5KG1oGBCYLFg8GBxYTDh0AGw0HDTkNAw8LBTUAJxwPFWsNLx0EPxAlHA0KOR0dDyMxFQcbAzkMQQ9JACkmDyQxVh0IFRMjAA0XBykjCx0XE9kBDiMjEyUZDWEANSs3ZQNdFCMYFRYHXghEFSoAFA0mORgVuAEOFBUMACo5HA0UHTIVFG0qRwAjEzkhrwETIxcNIQAXFkkPFzkPjwEVKy8HGQ4LHgNCGyofABkNCxUbBR0lBiMsMQhfEDEDZSJlBF0IHQgACBUgGwhJCgUAMyF7BCsXBQsGDywhFhM6AzoLHgAkBxYAJA80CQYLYA8kA2YHDgNCGywJAAcWIyQfCAMOKSQxCB8WCxwLCAs6ERwLAAcWFxADHAgeEBwIABo8EHoAQgsWAA4REAcWCwAPFjUOMzIhCC8rHQcrIx9HCSsHAAMNEwAfHDkFPTIHFhcIBw45BysjKQ0PFhNIAB4HDgh0AywZFgMOHwAbGwMVDQ0TmQEHGxclJYEBAysEewtdBCsDDQsHIwApQheCARckABAJBg80Dw4bACkbLzoHLAQ6SHwOKggABBYUFgAQIBwafCxmAywLDgAOBwALFgA6CBAELDVIA1AXJAs6DyYDQAkIAA4HCA8yAEIUJBYANB46QgAOFB4IKggIBCQKCBRCAEggZgNCDyQpJGUIEyQEOgsOABYPEARQB3QlSBMIBw4DQgcIAyQVMgAWE0oHUBMWMQcXIz0rHzkAFQcHBD8TQSlJBBsDQQsNA2UQKwRXHiMMKwRdD1cAOS0jFyNJQQsrJQ0DKwsHmwEIGx0TBR0rMx0ZAAsQJwYhNAQkCgAQJBk0AzoPFgcqFyx/LBckAxYPCClQFw4jDSEICxYHABcyCzIESjRuGlAAQA0WAyQbLAAQGzIDJBAeBBwMEABIDw57CFENXQZDABENJwghIycAMRwrABcOIQA3FqMBCIMBB4UCFg8JyBGrCmIPBgMQBBwQHggADhwMCCQAJiMEKwAdIRUPCYgBFTIXFggQBCQoKwcjDwcPCaICyw9qCxYAJgwqIjQADgwWDAgQBxgrBmUVGw8AFxUPCd4MowIiHwAAEBAcEA0P
